ISO-10303-21;
HEADER;
/* Generated by software containing ST-Developer
 * from STEP Tools, Inc. (www.steptools.com) 
 */

FILE_DESCRIPTION(
/* description */ (''),
/* implementation_level */ '2;1');

FILE_NAME(
/* name */ 'FleetSniffer Body.step',
/* time_stamp */ '2026-05-29T14:54:52-04:00',
/* author */ (''),
/* organization */ (''),
/* preprocessor_version */ 'ST-DEVELOPER v20.1',
/* originating_system */ 'Autodesk Translation Framework v14.24.0.0',
/* authorisation */ '');

FILE_SCHEMA (('AUTOMOTIVE_DESIGN { 1 0 10303 214 3 1 1 }'));
ENDSEC;

DATA;
#10=MECHANICAL_DESIGN_GEOMETRIC_PRESENTATION_REPRESENTATION('',(#13),#2653);
#11=SHAPE_REPRESENTATION_RELATIONSHIP('SRR','None',#2660,#12);
#12=ADVANCED_BREP_SHAPE_REPRESENTATION('',(#14),#2652);
#13=STYLED_ITEM('',(#2669),#14);
#14=MANIFOLD_SOLID_BREP('Body1',#1485);
#15=ELLIPSE('',#1612,0.353553390593276,0.25);
#16=ELLIPSE('',#1614,0.353553390593271,0.25);
#17=ELLIPSE('',#1632,0.353553390593277,0.25);
#18=ELLIPSE('',#1634,0.353553390593271,0.25);
#19=TOROIDAL_SURFACE('',#1537,1.75,0.25);
#20=TOROIDAL_SURFACE('',#1546,1.25,0.25);
#21=TOROIDAL_SURFACE('',#1552,1.74999999999999,0.25);
#22=TOROIDAL_SURFACE('',#1561,1.25,0.25);
#23=TOROIDAL_SURFACE('',#1567,1.75,0.25);
#24=TOROIDAL_SURFACE('',#1576,1.25000000000001,0.25);
#25=TOROIDAL_SURFACE('',#1582,1.75,0.25);
#26=TOROIDAL_SURFACE('',#1591,1.25,0.25);
#27=TOROIDAL_SURFACE('',#1597,2.25,0.250000000000001);
#28=TOROIDAL_SURFACE('',#1604,2.25,0.25);
#29=TOROIDAL_SURFACE('',#1615,1.75,0.25);
#30=TOROIDAL_SURFACE('',#1623,1.75,0.249999999999999);
#31=TOROIDAL_SURFACE('',#1652,1.50000000000001,0.5);
#32=TOROIDAL_SURFACE('',#1657,1.5,0.499999999999999);
#33=TOROIDAL_SURFACE('',#1663,1.5,0.5);
#34=TOROIDAL_SURFACE('',#1670,1.5,0.5);
#35=TOROIDAL_SURFACE('',#1687,2.5,0.5);
#36=TOROIDAL_SURFACE('',#1689,2.49999999999999,0.5);
#37=TOROIDAL_SURFACE('',#1691,2.5,0.5);
#38=TOROIDAL_SURFACE('',#1693,2.5,0.5);
#39=FACE_BOUND('',#224,.T.);
#40=FACE_BOUND('',#225,.T.);
#41=FACE_BOUND('',#234,.T.);
#42=FACE_BOUND('',#235,.T.);
#43=FACE_BOUND('',#239,.T.);
#44=FACE_BOUND('',#245,.T.);
#45=FACE_BOUND('',#251,.T.);
#46=FACE_BOUND('',#257,.T.);
#47=FACE_BOUND('',#283,.T.);
#48=FACE_BOUND('',#284,.T.);
#49=FACE_BOUND('',#303,.T.);
#50=FACE_BOUND('',#304,.T.);
#51=FACE_BOUND('',#305,.T.);
#52=FACE_BOUND('',#306,.T.);
#53=CYLINDRICAL_SURFACE('',#1516,2.);
#54=CYLINDRICAL_SURFACE('',#1521,2.);
#55=CYLINDRICAL_SURFACE('',#1526,1.25);
#56=CYLINDRICAL_SURFACE('',#1530,1.25);
#57=CYLINDRICAL_SURFACE('',#1543,2.);
#58=CYLINDRICAL_SURFACE('',#1550,1.);
#59=CYLINDRICAL_SURFACE('',#1558,1.99999999999999);
#60=CYLINDRICAL_SURFACE('',#1565,0.999999999999996);
#61=CYLINDRICAL_SURFACE('',#1573,2.);
#62=CYLINDRICAL_SURFACE('',#1580,1.00000000000001);
#63=CYLINDRICAL_SURFACE('',#1588,2.);
#64=CYLINDRICAL_SURFACE('',#1595,1.);
#65=CYLINDRICAL_SURFACE('',#1602,2.);
#66=CYLINDRICAL_SURFACE('',#1609,2.);
#67=CYLINDRICAL_SURFACE('',#1611,0.25);
#68=CYLINDRICAL_SURFACE('',#1613,0.25);
#69=CYLINDRICAL_SURFACE('',#1620,2.);
#70=CYLINDRICAL_SURFACE('',#1622,0.25);
#71=CYLINDRICAL_SURFACE('',#1628,2.);
#72=CYLINDRICAL_SURFACE('',#1630,0.25);
#73=CYLINDRICAL_SURFACE('',#1631,0.25);
#74=CYLINDRICAL_SURFACE('',#1633,0.25);
#75=CYLINDRICAL_SURFACE('',#1635,0.25);
#76=CYLINDRICAL_SURFACE('',#1636,0.25);
#77=CYLINDRICAL_SURFACE('',#1649,2.);
#78=CYLINDRICAL_SURFACE('',#1651,2.);
#79=CYLINDRICAL_SURFACE('',#1662,0.5);
#80=CYLINDRICAL_SURFACE('',#1668,0.5);
#81=CYLINDRICAL_SURFACE('',#1669,2.);
#82=CYLINDRICAL_SURFACE('',#1675,0.5);
#83=CYLINDRICAL_SURFACE('',#1676,2.);
#84=CYLINDRICAL_SURFACE('',#1677,0.5);
#85=CYLINDRICAL_SURFACE('',#1678,2.);
#86=CYLINDRICAL_SURFACE('',#1679,2.);
#87=PLANE('',#1502);
#88=PLANE('',#1506);
#89=PLANE('',#1510);
#90=PLANE('',#1514);
#91=PLANE('',#1515);
#92=PLANE('',#1518);
#93=PLANE('',#1523);
#94=PLANE('',#1534);
#95=PLANE('',#1541);
#96=PLANE('',#1556);
#97=PLANE('',#1571);
#98=PLANE('',#1586);
#99=PLANE('',#1637);
#100=PLANE('',#1638);
#101=PLANE('',#1639);
#102=PLANE('',#1640);
#103=PLANE('',#1641);
#104=PLANE('',#1642);
#105=PLANE('',#1650);
#106=PLANE('',#1680);
#107=PLANE('',#1681);
#108=PLANE('',#1682);
#109=PLANE('',#1695);
#110=PLANE('',#1696);
#111=PLANE('',#1697);
#112=PLANE('',#1698);
#113=PLANE('',#1699);
#114=PLANE('',#1700);
#115=PLANE('',#1701);
#116=PLANE('',#1702);
#117=PLANE('',#1703);
#118=PLANE('',#1704);
#119=FACE_OUTER_BOUND('',#213,.T.);
#120=FACE_OUTER_BOUND('',#214,.T.);
#121=FACE_OUTER_BOUND('',#215,.T.);
#122=FACE_OUTER_BOUND('',#216,.T.);
#123=FACE_OUTER_BOUND('',#217,.T.);
#124=FACE_OUTER_BOUND('',#218,.T.);
#125=FACE_OUTER_BOUND('',#219,.T.);
#126=FACE_OUTER_BOUND('',#220,.T.);
#127=FACE_OUTER_BOUND('',#221,.T.);
#128=FACE_OUTER_BOUND('',#222,.T.);
#129=FACE_OUTER_BOUND('',#223,.T.);
#130=FACE_OUTER_BOUND('',#226,.T.);
#131=FACE_OUTER_BOUND('',#227,.T.);
#132=FACE_OUTER_BOUND('',#228,.T.);
#133=FACE_OUTER_BOUND('',#229,.T.);
#134=FACE_OUTER_BOUND('',#230,.T.);
#135=FACE_OUTER_BOUND('',#231,.T.);
#136=FACE_OUTER_BOUND('',#232,.T.);
#137=FACE_OUTER_BOUND('',#233,.T.);
#138=FACE_OUTER_BOUND('',#236,.T.);
#139=FACE_OUTER_BOUND('',#237,.T.);
#140=FACE_OUTER_BOUND('',#238,.T.);
#141=FACE_OUTER_BOUND('',#240,.T.);
#142=FACE_OUTER_BOUND('',#241,.T.);
#143=FACE_OUTER_BOUND('',#242,.T.);
#144=FACE_OUTER_BOUND('',#243,.T.);
#145=FACE_OUTER_BOUND('',#244,.T.);
#146=FACE_OUTER_BOUND('',#246,.T.);
#147=FACE_OUTER_BOUND('',#247,.T.);
#148=FACE_OUTER_BOUND('',#248,.T.);
#149=FACE_OUTER_BOUND('',#249,.T.);
#150=FACE_OUTER_BOUND('',#250,.T.);
#151=FACE_OUTER_BOUND('',#252,.T.);
#152=FACE_OUTER_BOUND('',#253,.T.);
#153=FACE_OUTER_BOUND('',#254,.T.);
#154=FACE_OUTER_BOUND('',#255,.T.);
#155=FACE_OUTER_BOUND('',#256,.T.);
#156=FACE_OUTER_BOUND('',#258,.T.);
#157=FACE_OUTER_BOUND('',#259,.T.);
#158=FACE_OUTER_BOUND('',#260,.T.);
#159=FACE_OUTER_BOUND('',#261,.T.);
#160=FACE_OUTER_BOUND('',#262,.T.);
#161=FACE_OUTER_BOUND('',#263,.T.);
#162=FACE_OUTER_BOUND('',#264,.T.);
#163=FACE_OUTER_BOUND('',#265,.T.);
#164=FACE_OUTER_BOUND('',#266,.T.);
#165=FACE_OUTER_BOUND('',#267,.T.);
#166=FACE_OUTER_BOUND('',#268,.T.);
#167=FACE_OUTER_BOUND('',#269,.T.);
#168=FACE_OUTER_BOUND('',#270,.T.);
#169=FACE_OUTER_BOUND('',#271,.T.);
#170=FACE_OUTER_BOUND('',#272,.T.);
#171=FACE_OUTER_BOUND('',#273,.T.);
#172=FACE_OUTER_BOUND('',#274,.T.);
#173=FACE_OUTER_BOUND('',#275,.T.);
#174=FACE_OUTER_BOUND('',#276,.T.);
#175=FACE_OUTER_BOUND('',#277,.T.);
#176=FACE_OUTER_BOUND('',#278,.T.);
#177=FACE_OUTER_BOUND('',#279,.T.);
#178=FACE_OUTER_BOUND('',#280,.T.);
#179=FACE_OUTER_BOUND('',#281,.T.);
#180=FACE_OUTER_BOUND('',#282,.T.);
#181=FACE_OUTER_BOUND('',#285,.T.);
#182=FACE_OUTER_BOUND('',#286,.T.);
#183=FACE_OUTER_BOUND('',#287,.T.);
#184=FACE_OUTER_BOUND('',#288,.T.);
#185=FACE_OUTER_BOUND('',#289,.T.);
#186=FACE_OUTER_BOUND('',#290,.T.);
#187=FACE_OUTER_BOUND('',#291,.T.);
#188=FACE_OUTER_BOUND('',#292,.T.);
#189=FACE_OUTER_BOUND('',#293,.T.);
#190=FACE_OUTER_BOUND('',#294,.T.);
#191=FACE_OUTER_BOUND('',#295,.T.);
#192=FACE_OUTER_BOUND('',#296,.T.);
#193=FACE_OUTER_BOUND('',#297,.T.);
#194=FACE_OUTER_BOUND('',#298,.T.);
#195=FACE_OUTER_BOUND('',#299,.T.);
#196=FACE_OUTER_BOUND('',#300,.T.);
#197=FACE_OUTER_BOUND('',#301,.T.);
#198=FACE_OUTER_BOUND('',#302,.T.);
#199=FACE_OUTER_BOUND('',#307,.T.);
#200=FACE_OUTER_BOUND('',#308,.T.);
#201=FACE_OUTER_BOUND('',#309,.T.);
#202=FACE_OUTER_BOUND('',#310,.T.);
#203=FACE_OUTER_BOUND('',#311,.T.);
#204=FACE_OUTER_BOUND('',#312,.T.);
#205=FACE_OUTER_BOUND('',#313,.T.);
#206=FACE_OUTER_BOUND('',#314,.T.);
#207=FACE_OUTER_BOUND('',#315,.T.);
#208=FACE_OUTER_BOUND('',#316,.T.);
#209=FACE_OUTER_BOUND('',#317,.T.);
#210=FACE_OUTER_BOUND('',#318,.T.);
#211=FACE_OUTER_BOUND('',#319,.T.);
#212=FACE_OUTER_BOUND('',#320,.T.);
#213=EDGE_LOOP('',(#963,#964,#965,#966));
#214=EDGE_LOOP('',(#967,#968,#969,#970));
#215=EDGE_LOOP('',(#971,#972,#973,#974));
#216=EDGE_LOOP('',(#975,#976,#977,#978));
#217=EDGE_LOOP('',(#979,#980,#981,#982));
#218=EDGE_LOOP('',(#983,#984,#985,#986));
#219=EDGE_LOOP('',(#987,#988,#989,#990));
#220=EDGE_LOOP('',(#991,#992,#993,#994));
#221=EDGE_LOOP('',(#995,#996,#997,#998));
#222=EDGE_LOOP('',(#999,#1000,#1001,#1002));
#223=EDGE_LOOP('',(#1003,#1004,#1005,#1006));
#224=EDGE_LOOP('',(#1007));
#225=EDGE_LOOP('',(#1008));
#226=EDGE_LOOP('',(#1009,#1010,#1011,#1012));
#227=EDGE_LOOP('',(#1013,#1014,#1015,#1016,#1017,#1018,#1019,#1020));
#228=EDGE_LOOP('',(#1021,#1022,#1023,#1024));
#229=EDGE_LOOP('',(#1025,#1026,#1027,#1028));
#230=EDGE_LOOP('',(#1029,#1030,#1031,#1032));
#231=EDGE_LOOP('',(#1033,#1034,#1035,#1036));
#232=EDGE_LOOP('',(#1037,#1038,#1039,#1040));
#233=EDGE_LOOP('',(#1041,#1042,#1043,#1044));
#234=EDGE_LOOP('',(#1045));
#235=EDGE_LOOP('',(#1046));
#236=EDGE_LOOP('',(#1047,#1048,#1049,#1050));
#237=EDGE_LOOP('',(#1051,#1052,#1053,#1054));
#238=EDGE_LOOP('',(#1055));
#239=EDGE_LOOP('',(#1056));
#240=EDGE_LOOP('',(#1057,#1058,#1059,#1060,#1061));
#241=EDGE_LOOP('',(#1062,#1063,#1064,#1065,#1066));
#242=EDGE_LOOP('',(#1067,#1068,#1069,#1070,#1071));
#243=EDGE_LOOP('',(#1072,#1073,#1074,#1075));
#244=EDGE_LOOP('',(#1076));
#245=EDGE_LOOP('',(#1077));
#246=EDGE_LOOP('',(#1078,#1079,#1080,#1081,#1082));
#247=EDGE_LOOP('',(#1083,#1084,#1085,#1086,#1087));
#248=EDGE_LOOP('',(#1088,#1089,#1090,#1091,#1092));
#249=EDGE_LOOP('',(#1093,#1094,#1095,#1096));
#250=EDGE_LOOP('',(#1097));
#251=EDGE_LOOP('',(#1098));
#252=EDGE_LOOP('',(#1099,#1100,#1101,#1102,#1103));
#253=EDGE_LOOP('',(#1104,#1105,#1106,#1107,#1108));
#254=EDGE_LOOP('',(#1109,#1110,#1111,#1112,#1113));
#255=EDGE_LOOP('',(#1114,#1115,#1116,#1117));
#256=EDGE_LOOP('',(#1118));
#257=EDGE_LOOP('',(#1119));
#258=EDGE_LOOP('',(#1120,#1121,#1122,#1123,#1124));
#259=EDGE_LOOP('',(#1125,#1126,#1127,#1128,#1129));
#260=EDGE_LOOP('',(#1130,#1131,#1132,#1133,#1134));
#261=EDGE_LOOP('',(#1135,#1136,#1137,#1138));
#262=EDGE_LOOP('',(#1139,#1140,#1141,#1142));
#263=EDGE_LOOP('',(#1143,#1144,#1145,#1146));
#264=EDGE_LOOP('',(#1147,#1148,#1149,#1150));
#265=EDGE_LOOP('',(#1151,#1152,#1153,#1154));
#266=EDGE_LOOP('',(#1155,#1156,#1157,#1158));
#267=EDGE_LOOP('',(#1159,#1160,#1161,#1162));
#268=EDGE_LOOP('',(#1163,#1164,#1165,#1166));
#269=EDGE_LOOP('',(#1167,#1168,#1169,#1170));
#270=EDGE_LOOP('',(#1171,#1172,#1173,#1174));
#271=EDGE_LOOP('',(#1175,#1176,#1177,#1178));
#272=EDGE_LOOP('',(#1179,#1180,#1181,#1182));
#273=EDGE_LOOP('',(#1183,#1184,#1185,#1186));
#274=EDGE_LOOP('',(#1187,#1188,#1189,#1190));
#275=EDGE_LOOP('',(#1191,#1192,#1193,#1194));
#276=EDGE_LOOP('',(#1195,#1196,#1197,#1198));
#277=EDGE_LOOP('',(#1199,#1200,#1201,#1202,#1203,#1204,#1205,#1206,#1207,
#1208,#1209,#1210));
#278=EDGE_LOOP('',(#1211,#1212,#1213,#1214));
#279=EDGE_LOOP('',(#1215,#1216,#1217,#1218));
#280=EDGE_LOOP('',(#1219,#1220,#1221,#1222));
#281=EDGE_LOOP('',(#1223,#1224,#1225,#1226));
#282=EDGE_LOOP('',(#1227,#1228,#1229,#1230,#1231,#1232,#1233,#1234));
#283=EDGE_LOOP('',(#1235,#1236,#1237,#1238,#1239,#1240,#1241,#1242,#1243,
#1244,#1245,#1246));
#284=EDGE_LOOP('',(#1247,#1248,#1249,#1250,#1251,#1252,#1253,#1254));
#285=EDGE_LOOP('',(#1255,#1256,#1257,#1258));
#286=EDGE_LOOP('',(#1259,#1260,#1261,#1262));
#287=EDGE_LOOP('',(#1263,#1264,#1265,#1266));
#288=EDGE_LOOP('',(#1267,#1268,#1269,#1270));
#289=EDGE_LOOP('',(#1271,#1272,#1273,#1274));
#290=EDGE_LOOP('',(#1275,#1276,#1277,#1278));
#291=EDGE_LOOP('',(#1279,#1280,#1281,#1282));
#292=EDGE_LOOP('',(#1283,#1284,#1285,#1286));
#293=EDGE_LOOP('',(#1287,#1288,#1289,#1290));
#294=EDGE_LOOP('',(#1291,#1292,#1293,#1294));
#295=EDGE_LOOP('',(#1295,#1296,#1297,#1298));
#296=EDGE_LOOP('',(#1299,#1300,#1301,#1302));
#297=EDGE_LOOP('',(#1303,#1304,#1305,#1306));
#298=EDGE_LOOP('',(#1307,#1308,#1309,#1310));
#299=EDGE_LOOP('',(#1311,#1312,#1313,#1314));
#300=EDGE_LOOP('',(#1315,#1316,#1317,#1318));
#301=EDGE_LOOP('',(#1319,#1320,#1321,#1322));
#302=EDGE_LOOP('',(#1323,#1324,#1325,#1326,#1327,#1328,#1329,#1330));
#303=EDGE_LOOP('',(#1331));
#304=EDGE_LOOP('',(#1332));
#305=EDGE_LOOP('',(#1333));
#306=EDGE_LOOP('',(#1334));
#307=EDGE_LOOP('',(#1335,#1336,#1337,#1338,#1339));
#308=EDGE_LOOP('',(#1340,#1341,#1342,#1343,#1344));
#309=EDGE_LOOP('',(#1345,#1346,#1347,#1348,#1349));
#310=EDGE_LOOP('',(#1350,#1351,#1352,#1353,#1354));
#311=EDGE_LOOP('',(#1355));
#312=EDGE_LOOP('',(#1356));
#313=EDGE_LOOP('',(#1357));
#314=EDGE_LOOP('',(#1358,#1359,#1360,#1361));
#315=EDGE_LOOP('',(#1362,#1363,#1364,#1365));
#316=EDGE_LOOP('',(#1366,#1367,#1368,#1369));
#317=EDGE_LOOP('',(#1370,#1371,#1372,#1373));
#318=EDGE_LOOP('',(#1374,#1375,#1376,#1377));
#319=EDGE_LOOP('',(#1378,#1379,#1380,#1381));
#320=EDGE_LOOP('',(#1382));
#321=CIRCLE('',#1500,2.);
#322=CIRCLE('',#1501,1.75);
#323=CIRCLE('',#1504,2.);
#324=CIRCLE('',#1505,1.75);
#325=CIRCLE('',#1508,2.);
#326=CIRCLE('',#1509,1.75);
#327=CIRCLE('',#1512,2.);
#328=CIRCLE('',#1513,1.75);
#329=CIRCLE('',#1517,2.);
#330=CIRCLE('',#1519,1.5);
#331=CIRCLE('',#1520,1.5);
#332=CIRCLE('',#1522,2.);
#333=CIRCLE('',#1525,1.25);
#334=CIRCLE('',#1527,1.25);
#335=CIRCLE('',#1529,1.25);
#336=CIRCLE('',#1531,1.25);
#337=CIRCLE('',#1533,1.5);
#338=CIRCLE('',#1535,1.5);
#339=CIRCLE('',#1538,1.75);
#340=CIRCLE('',#1539,0.25);
#341=CIRCLE('',#1540,2.);
#342=CIRCLE('',#1542,1.25);
#343=CIRCLE('',#1544,2.);
#344=CIRCLE('',#1545,2.);
#345=CIRCLE('',#1547,0.25);
#346=CIRCLE('',#1548,1.);
#347=CIRCLE('',#1549,1.);
#348=CIRCLE('',#1551,1.);
#349=CIRCLE('',#1553,1.74999999999999);
#350=CIRCLE('',#1554,0.25);
#351=CIRCLE('',#1555,1.99999999999999);
#352=CIRCLE('',#1557,1.25);
#353=CIRCLE('',#1559,1.99999999999999);
#354=CIRCLE('',#1560,1.99999999999999);
#355=CIRCLE('',#1562,0.25);
#356=CIRCLE('',#1563,0.999999999999996);
#357=CIRCLE('',#1564,0.999999999999996);
#358=CIRCLE('',#1566,0.999999999999996);
#359=CIRCLE('',#1568,1.75);
#360=CIRCLE('',#1569,0.25);
#361=CIRCLE('',#1570,2.);
#362=CIRCLE('',#1572,1.25000000000001);
#363=CIRCLE('',#1574,2.);
#364=CIRCLE('',#1575,2.);
#365=CIRCLE('',#1577,0.25);
#366=CIRCLE('',#1578,1.00000000000001);
#367=CIRCLE('',#1579,1.00000000000001);
#368=CIRCLE('',#1581,1.00000000000001);
#369=CIRCLE('',#1583,1.75);
#370=CIRCLE('',#1584,0.25);
#371=CIRCLE('',#1585,2.);
#372=CIRCLE('',#1587,1.25);
#373=CIRCLE('',#1589,2.);
#374=CIRCLE('',#1590,2.);
#375=CIRCLE('',#1592,0.25);
#376=CIRCLE('',#1593,1.);
#377=CIRCLE('',#1594,1.);
#378=CIRCLE('',#1596,1.);
#379=CIRCLE('',#1598,2.25);
#380=CIRCLE('',#1599,0.250000000000001);
#381=CIRCLE('',#1600,2.);
#382=CIRCLE('',#1601,0.249999999999999);
#383=CIRCLE('',#1603,2.);
#384=CIRCLE('',#1605,2.25);
#385=CIRCLE('',#1606,0.25);
#386=CIRCLE('',#1607,2.);
#387=CIRCLE('',#1608,0.249999999999999);
#388=CIRCLE('',#1610,2.);
#389=CIRCLE('',#1616,0.25);
#390=CIRCLE('',#1617,2.);
#391=CIRCLE('',#1618,0.249999999999999);
#392=CIRCLE('',#1619,1.75);
#393=CIRCLE('',#1621,2.);
#394=CIRCLE('',#1624,0.249999999999999);
#395=CIRCLE('',#1625,2.);
#396=CIRCLE('',#1626,0.249999999999999);
#397=CIRCLE('',#1627,1.75);
#398=CIRCLE('',#1629,2.);
#399=CIRCLE('',#1643,2.);
#400=CIRCLE('',#1644,2.);
#401=CIRCLE('',#1645,2.);
#402=CIRCLE('',#1646,2.);
#403=CIRCLE('',#1647,2.);
#404=CIRCLE('',#1648,2.);
#405=CIRCLE('',#1653,1.50000000000001);
#406=CIRCLE('',#1654,0.5);
#407=CIRCLE('',#1655,2.00000000000001);
#408=CIRCLE('',#1656,0.5);
#409=CIRCLE('',#1658,2.);
#410=CIRCLE('',#1659,0.5);
#411=CIRCLE('',#1660,1.5);
#412=CIRCLE('',#1661,0.499999999999999);
#413=CIRCLE('',#1664,1.5);
#414=CIRCLE('',#1665,0.499999999999998);
#415=CIRCLE('',#1666,2.);
#416=CIRCLE('',#1667,0.5);
#417=CIRCLE('',#1671,1.5);
#418=CIRCLE('',#1672,0.499999999999998);
#419=CIRCLE('',#1673,2.);
#420=CIRCLE('',#1674,0.5);
#421=CIRCLE('',#1683,2.5);
#422=CIRCLE('',#1684,2.5);
#423=CIRCLE('',#1685,2.5);
#424=CIRCLE('',#1686,2.49999999999999);
#425=CIRCLE('',#1688,0.5);
#426=CIRCLE('',#1690,0.5);
#427=CIRCLE('',#1692,0.5);
#428=CIRCLE('',#1694,0.5);
#429=LINE('',#2221,#527);
#430=LINE('',#2225,#528);
#431=LINE('',#2229,#529);
#432=LINE('',#2231,#530);
#433=LINE('',#2232,#531);
#434=LINE('',#2236,#532);
#435=LINE('',#2241,#533);
#436=LINE('',#2243,#534);
#437=LINE('',#2244,#535);
#438=LINE('',#2248,#536);
#439=LINE('',#2253,#537);
#440=LINE('',#2255,#538);
#441=LINE('',#2256,#539);
#442=LINE('',#2260,#540);
#443=LINE('',#2264,#541);
#444=LINE('',#2265,#542);
#445=LINE('',#2268,#543);
#446=LINE('',#2270,#544);
#447=LINE('',#2271,#545);
#448=LINE('',#2274,#546);
#449=LINE('',#2278,#547);
#450=LINE('',#2279,#548);
#451=LINE('',#2286,#549);
#452=LINE('',#2291,#550);
#453=LINE('',#2295,#551);
#454=LINE('',#2299,#552);
#455=LINE('',#2303,#553);
#456=LINE('',#2308,#554);
#457=LINE('',#2312,#555);
#458=LINE('',#2314,#556);
#459=LINE('',#2316,#557);
#460=LINE('',#2317,#558);
#461=LINE('',#2321,#559);
#462=LINE('',#2333,#560);
#463=LINE('',#2345,#561);
#464=LINE('',#2358,#562);
#465=LINE('',#2370,#563);
#466=LINE('',#2383,#564);
#467=LINE('',#2395,#565);
#468=LINE('',#2408,#566);
#469=LINE('',#2420,#567);
#470=LINE('',#2435,#568);
#471=LINE('',#2436,#569);
#472=LINE('',#2450,#570);
#473=LINE('',#2451,#571);
#474=LINE('',#2454,#572);
#475=LINE('',#2456,#573);
#476=LINE('',#2460,#574);
#477=LINE('',#2463,#575);
#478=LINE('',#2477,#576);
#479=LINE('',#2478,#577);
#480=LINE('',#2480,#578);
#481=LINE('',#2481,#579);
#482=LINE('',#2495,#580);
#483=LINE('',#2496,#581);
#484=LINE('',#2498,#582);
#485=LINE('',#2499,#583);
#486=LINE('',#2502,#584);
#487=LINE('',#2504,#585);
#488=LINE('',#2508,#586);
#489=LINE('',#2510,#587);
#490=LINE('',#2513,#588);
#491=LINE('',#2514,#589);
#492=LINE('',#2516,#590);
#493=LINE('',#2517,#591);
#494=LINE('',#2521,#592);
#495=LINE('',#2522,#593);
#496=LINE('',#2525,#594);
#497=LINE('',#2526,#595);
#498=LINE('',#2528,#596);
#499=LINE('',#2530,#597);
#500=LINE('',#2533,#598);
#501=LINE('',#2537,#599);
#502=LINE('',#2540,#600);
#503=LINE('',#2542,#601);
#504=LINE('',#2543,#602);
#505=LINE('',#2544,#603);
#506=LINE('',#2548,#604);
#507=LINE('',#2552,#605);
#508=LINE('',#2556,#606);
#509=LINE('',#2559,#607);
#510=LINE('',#2560,#608);
#511=LINE('',#2562,#609);
#512=LINE('',#2582,#610);
#513=LINE('',#2583,#611);
#514=LINE('',#2594,#612);
#515=LINE('',#2595,#613);
#516=LINE('',#2597,#614);
#517=LINE('',#2598,#615);
#518=LINE('',#2608,#616);
#519=LINE('',#2609,#617);
#520=LINE('',#2611,#618);
#521=LINE('',#2613,#619);
#522=LINE('',#2615,#620);
#523=LINE('',#2617,#621);
#524=LINE('',#2618,#622);
#525=LINE('',#2643,#623);
#526=LINE('',#2645,#624);
#527=VECTOR('',#1709,10.);
#528=VECTOR('',#1712,10.);
#529=VECTOR('',#1717,10.);
#530=VECTOR('',#1718,10.);
#531=VECTOR('',#1719,10.);
#532=VECTOR('',#1722,10.);
#533=VECTOR('',#1729,10.);
#534=VECTOR('',#1730,10.);
#535=VECTOR('',#1731,10.);
#536=VECTOR('',#1734,10.);
#537=VECTOR('',#1741,10.);
#538=VECTOR('',#1742,10.);
#539=VECTOR('',#1743,10.);
#540=VECTOR('',#1746,10.);
#541=VECTOR('',#1753,10.);
#542=VECTOR('',#1754,10.);
#543=VECTOR('',#1757,10.);
#544=VECTOR('',#1758,10.);
#545=VECTOR('',#1759,10.);
#546=VECTOR('',#1762,10.);
#547=VECTOR('',#1767,10.);
#548=VECTOR('',#1768,10.);
#549=VECTOR('',#1775,10.);
#550=VECTOR('',#1782,1.375);
#551=VECTOR('',#1787,1.25);
#552=VECTOR('',#1792,1.375);
#553=VECTOR('',#1797,1.25);
#554=VECTOR('',#1804,1.375);
#555=VECTOR('',#1807,10.);
#556=VECTOR('',#1808,10.);
#557=VECTOR('',#1809,10.);
#558=VECTOR('',#1810,10.);
#559=VECTOR('',#1815,1.375);
#560=VECTOR('',#1830,2.);
#561=VECTOR('',#1845,1.);
#562=VECTOR('',#1862,1.99999999999999);
#563=VECTOR('',#1877,0.999999999999996);
#564=VECTOR('',#1894,2.);
#565=VECTOR('',#1909,1.00000000000001);
#566=VECTOR('',#1926,2.);
#567=VECTOR('',#1941,1.);
#568=VECTOR('',#1958,10.);
#569=VECTOR('',#1959,10.);
#570=VECTOR('',#1974,10.);
#571=VECTOR('',#1975,10.);
#572=VECTOR('',#1978,10.);
#573=VECTOR('',#1979,10.);
#574=VECTOR('',#1984,10.);
#575=VECTOR('',#1987,10.);
#576=VECTOR('',#2002,10.);
#577=VECTOR('',#2003,10.);
#578=VECTOR('',#2006,10.);
#579=VECTOR('',#2007,10.);
#580=VECTOR('',#2022,10.);
#581=VECTOR('',#2023,10.);
#582=VECTOR('',#2026,10.);
#583=VECTOR('',#2027,10.);
#584=VECTOR('',#2030,10.);
#585=VECTOR('',#2031,10.);
#586=VECTOR('',#2036,10.);
#587=VECTOR('',#2037,10.);
#588=VECTOR('',#2042,10.);
#589=VECTOR('',#2043,10.);
#590=VECTOR('',#2046,10.);
#591=VECTOR('',#2047,10.);
#592=VECTOR('',#2052,10.);
#593=VECTOR('',#2053,10.);
#594=VECTOR('',#2056,10.);
#595=VECTOR('',#2057,10.);
#596=VECTOR('',#2060,10.);
#597=VECTOR('',#2063,10.);
#598=VECTOR('',#2066,10.);
#599=VECTOR('',#2069,10.);
#600=VECTOR('',#2072,10.);
#601=VECTOR('',#2073,10.);
#602=VECTOR('',#2074,10.);
#603=VECTOR('',#2075,10.);
#604=VECTOR('',#2078,10.);
#605=VECTOR('',#2081,10.);
#606=VECTOR('',#2084,10.);
#607=VECTOR('',#2089,10.);
#608=VECTOR('',#2090,10.);
#609=VECTOR('',#2093,10.);
#610=VECTOR('',#2118,10.);
#611=VECTOR('',#2119,10.);
#612=VECTOR('',#2132,10.);
#613=VECTOR('',#2133,10.);
#614=VECTOR('',#2136,10.);
#615=VECTOR('',#2137,10.);
#616=VECTOR('',#2150,10.);
#617=VECTOR('',#2151,10.);
#618=VECTOR('',#2154,10.);
#619=VECTOR('',#2157,10.);
#620=VECTOR('',#2160,10.);
#621=VECTOR('',#2163,10.);
#622=VECTOR('',#2164,10.);
#623=VECTOR('',#2205,10.);
#624=VECTOR('',#2208,10.);
#625=VERTEX_POINT('',#2219);
#626=VERTEX_POINT('',#2220);
#627=VERTEX_POINT('',#2222);
#628=VERTEX_POINT('',#2224);
#629=VERTEX_POINT('',#2228);
#630=VERTEX_POINT('',#2230);
#631=VERTEX_POINT('',#2234);
#632=VERTEX_POINT('',#2235);
#633=VERTEX_POINT('',#2240);
#634=VERTEX_POINT('',#2242);
#635=VERTEX_POINT('',#2246);
#636=VERTEX_POINT('',#2247);
#637=VERTEX_POINT('',#2252);
#638=VERTEX_POINT('',#2254);
#639=VERTEX_POINT('',#2258);
#640=VERTEX_POINT('',#2259);
#641=VERTEX_POINT('',#2267);
#642=VERTEX_POINT('',#2269);
#643=VERTEX_POINT('',#2273);
#644=VERTEX_POINT('',#2277);
#645=VERTEX_POINT('',#2280);
#646=VERTEX_POINT('',#2282);
#647=VERTEX_POINT('',#2285);
#648=VERTEX_POINT('',#2290);
#649=VERTEX_POINT('',#2294);
#650=VERTEX_POINT('',#2298);
#651=VERTEX_POINT('',#2302);
#652=VERTEX_POINT('',#2306);
#653=VERTEX_POINT('',#2310);
#654=VERTEX_POINT('',#2311);
#655=VERTEX_POINT('',#2313);
#656=VERTEX_POINT('',#2315);
#657=VERTEX_POINT('',#2318);
#658=VERTEX_POINT('',#2323);
#659=VERTEX_POINT('',#2325);
#660=VERTEX_POINT('',#2329);
#661=VERTEX_POINT('',#2332);
#662=VERTEX_POINT('',#2334);
#663=VERTEX_POINT('',#2338);
#664=VERTEX_POINT('',#2340);
#665=VERTEX_POINT('',#2344);
#666=VERTEX_POINT('',#2348);
#667=VERTEX_POINT('',#2350);
#668=VERTEX_POINT('',#2354);
#669=VERTEX_POINT('',#2357);
#670=VERTEX_POINT('',#2359);
#671=VERTEX_POINT('',#2363);
#672=VERTEX_POINT('',#2365);
#673=VERTEX_POINT('',#2369);
#674=VERTEX_POINT('',#2373);
#675=VERTEX_POINT('',#2375);
#676=VERTEX_POINT('',#2379);
#677=VERTEX_POINT('',#2382);
#678=VERTEX_POINT('',#2384);
#679=VERTEX_POINT('',#2388);
#680=VERTEX_POINT('',#2390);
#681=VERTEX_POINT('',#2394);
#682=VERTEX_POINT('',#2398);
#683=VERTEX_POINT('',#2400);
#684=VERTEX_POINT('',#2404);
#685=VERTEX_POINT('',#2407);
#686=VERTEX_POINT('',#2409);
#687=VERTEX_POINT('',#2413);
#688=VERTEX_POINT('',#2415);
#689=VERTEX_POINT('',#2419);
#690=VERTEX_POINT('',#2423);
#691=VERTEX_POINT('',#2424);
#692=VERTEX_POINT('',#2426);
#693=VERTEX_POINT('',#2428);
#694=VERTEX_POINT('',#2432);
#695=VERTEX_POINT('',#2433);
#696=VERTEX_POINT('',#2438);
#697=VERTEX_POINT('',#2439);
#698=VERTEX_POINT('',#2441);
#699=VERTEX_POINT('',#2443);
#700=VERTEX_POINT('',#2447);
#701=VERTEX_POINT('',#2448);
#702=VERTEX_POINT('',#2453);
#703=VERTEX_POINT('',#2455);
#704=VERTEX_POINT('',#2459);
#705=VERTEX_POINT('',#2461);
#706=VERTEX_POINT('',#2465);
#707=VERTEX_POINT('',#2466);
#708=VERTEX_POINT('',#2468);
#709=VERTEX_POINT('',#2470);
#710=VERTEX_POINT('',#2474);
#711=VERTEX_POINT('',#2475);
#712=VERTEX_POINT('',#2483);
#713=VERTEX_POINT('',#2484);
#714=VERTEX_POINT('',#2486);
#715=VERTEX_POINT('',#2488);
#716=VERTEX_POINT('',#2492);
#717=VERTEX_POINT('',#2493);
#718=VERTEX_POINT('',#2501);
#719=VERTEX_POINT('',#2503);
#720=VERTEX_POINT('',#2507);
#721=VERTEX_POINT('',#2509);
#722=VERTEX_POINT('',#2520);
#723=VERTEX_POINT('',#2524);
#724=VERTEX_POINT('',#2532);
#725=VERTEX_POINT('',#2534);
#726=VERTEX_POINT('',#2536);
#727=VERTEX_POINT('',#2539);
#728=VERTEX_POINT('',#2541);
#729=VERTEX_POINT('',#2545);
#730=VERTEX_POINT('',#2547);
#731=VERTEX_POINT('',#2549);
#732=VERTEX_POINT('',#2551);
#733=VERTEX_POINT('',#2553);
#734=VERTEX_POINT('',#2555);
#735=VERTEX_POINT('',#2565);
#736=VERTEX_POINT('',#2566);
#737=VERTEX_POINT('',#2568);
#738=VERTEX_POINT('',#2570);
#739=VERTEX_POINT('',#2574);
#740=VERTEX_POINT('',#2576);
#741=VERTEX_POINT('',#2578);
#742=VERTEX_POINT('',#2585);
#743=VERTEX_POINT('',#2586);
#744=VERTEX_POINT('',#2588);
#745=VERTEX_POINT('',#2590);
#746=VERTEX_POINT('',#2600);
#747=VERTEX_POINT('',#2601);
#748=VERTEX_POINT('',#2603);
#749=VERTEX_POINT('',#2622);
#750=VERTEX_POINT('',#2624);
#751=VERTEX_POINT('',#2626);
#752=VERTEX_POINT('',#2628);
#753=EDGE_CURVE('',#625,#626,#429,.T.);
#754=EDGE_CURVE('',#626,#627,#321,.T.);
#755=EDGE_CURVE('',#627,#628,#430,.T.);
#756=EDGE_CURVE('',#628,#625,#322,.T.);
#757=EDGE_CURVE('',#625,#629,#431,.T.);
#758=EDGE_CURVE('',#629,#630,#432,.T.);
#759=EDGE_CURVE('',#630,#626,#433,.T.);
#760=EDGE_CURVE('',#631,#632,#434,.T.);
#761=EDGE_CURVE('',#632,#630,#323,.T.);
#762=EDGE_CURVE('',#629,#631,#324,.T.);
#763=EDGE_CURVE('',#631,#633,#435,.T.);
#764=EDGE_CURVE('',#633,#634,#436,.T.);
#765=EDGE_CURVE('',#634,#632,#437,.T.);
#766=EDGE_CURVE('',#635,#636,#438,.T.);
#767=EDGE_CURVE('',#636,#634,#325,.T.);
#768=EDGE_CURVE('',#633,#635,#326,.T.);
#769=EDGE_CURVE('',#635,#637,#439,.T.);
#770=EDGE_CURVE('',#637,#638,#440,.T.);
#771=EDGE_CURVE('',#638,#636,#441,.T.);
#772=EDGE_CURVE('',#639,#640,#442,.T.);
#773=EDGE_CURVE('',#640,#638,#327,.T.);
#774=EDGE_CURVE('',#637,#639,#328,.T.);
#775=EDGE_CURVE('',#639,#628,#443,.T.);
#776=EDGE_CURVE('',#627,#640,#444,.T.);
#777=EDGE_CURVE('',#641,#638,#445,.T.);
#778=EDGE_CURVE('',#642,#641,#446,.T.);
#779=EDGE_CURVE('',#636,#642,#447,.T.);
#780=EDGE_CURVE('',#640,#643,#448,.T.);
#781=EDGE_CURVE('',#643,#641,#329,.T.);
#782=EDGE_CURVE('',#644,#627,#449,.T.);
#783=EDGE_CURVE('',#643,#644,#450,.T.);
#784=EDGE_CURVE('',#645,#645,#330,.T.);
#785=EDGE_CURVE('',#646,#646,#331,.T.);
#786=EDGE_CURVE('',#626,#647,#451,.T.);
#787=EDGE_CURVE('',#647,#644,#332,.T.);
#788=EDGE_CURVE('',#645,#648,#452,.T.);
#789=EDGE_CURVE('',#648,#648,#333,.T.);
#790=EDGE_CURVE('',#648,#649,#453,.T.);
#791=EDGE_CURVE('',#649,#649,#334,.T.);
#792=EDGE_CURVE('',#646,#650,#454,.T.);
#793=EDGE_CURVE('',#650,#650,#335,.T.);
#794=EDGE_CURVE('',#650,#651,#455,.T.);
#795=EDGE_CURVE('',#651,#651,#336,.T.);
#796=EDGE_CURVE('',#652,#652,#337,.T.);
#797=EDGE_CURVE('',#652,#651,#456,.T.);
#798=EDGE_CURVE('',#653,#654,#457,.T.);
#799=EDGE_CURVE('',#655,#653,#458,.F.);
#800=EDGE_CURVE('',#656,#655,#459,.T.);
#801=EDGE_CURVE('',#654,#656,#460,.T.);
#802=EDGE_CURVE('',#657,#657,#338,.T.);
#803=EDGE_CURVE('',#657,#649,#461,.T.);
#804=EDGE_CURVE('',#658,#658,#339,.T.);
#805=EDGE_CURVE('',#658,#659,#340,.T.);
#806=EDGE_CURVE('',#659,#659,#341,.T.);
#807=EDGE_CURVE('',#660,#660,#342,.T.);
#808=EDGE_CURVE('',#659,#661,#462,.T.);
#809=EDGE_CURVE('',#662,#661,#343,.T.);
#810=EDGE_CURVE('',#661,#662,#344,.T.);
#811=EDGE_CURVE('',#660,#663,#345,.T.);
#812=EDGE_CURVE('',#663,#664,#346,.T.);
#813=EDGE_CURVE('',#664,#663,#347,.T.);
#814=EDGE_CURVE('',#664,#665,#463,.T.);
#815=EDGE_CURVE('',#665,#665,#348,.T.);
#816=EDGE_CURVE('',#666,#666,#349,.T.);
#817=EDGE_CURVE('',#666,#667,#350,.T.);
#818=EDGE_CURVE('',#667,#667,#351,.T.);
#819=EDGE_CURVE('',#668,#668,#352,.T.);
#820=EDGE_CURVE('',#667,#669,#464,.T.);
#821=EDGE_CURVE('',#670,#669,#353,.T.);
#822=EDGE_CURVE('',#669,#670,#354,.T.);
#823=EDGE_CURVE('',#668,#671,#355,.T.);
#824=EDGE_CURVE('',#671,#672,#356,.T.);
#825=EDGE_CURVE('',#672,#671,#357,.T.);
#826=EDGE_CURVE('',#672,#673,#465,.T.);
#827=EDGE_CURVE('',#673,#673,#358,.T.);
#828=EDGE_CURVE('',#674,#674,#359,.T.);
#829=EDGE_CURVE('',#674,#675,#360,.T.);
#830=EDGE_CURVE('',#675,#675,#361,.T.);
#831=EDGE_CURVE('',#676,#676,#362,.T.);
#832=EDGE_CURVE('',#675,#677,#466,.T.);
#833=EDGE_CURVE('',#678,#677,#363,.T.);
#834=EDGE_CURVE('',#677,#678,#364,.T.);
#835=EDGE_CURVE('',#676,#679,#365,.T.);
#836=EDGE_CURVE('',#679,#680,#366,.T.);
#837=EDGE_CURVE('',#680,#679,#367,.T.);
#838=EDGE_CURVE('',#680,#681,#467,.T.);
#839=EDGE_CURVE('',#681,#681,#368,.T.);
#840=EDGE_CURVE('',#682,#682,#369,.T.);
#841=EDGE_CURVE('',#682,#683,#370,.T.);
#842=EDGE_CURVE('',#683,#683,#371,.T.);
#843=EDGE_CURVE('',#684,#684,#372,.T.);
#844=EDGE_CURVE('',#683,#685,#468,.T.);
#845=EDGE_CURVE('',#686,#685,#373,.T.);
#846=EDGE_CURVE('',#685,#686,#374,.T.);
#847=EDGE_CURVE('',#684,#687,#375,.T.);
#848=EDGE_CURVE('',#687,#688,#376,.T.);
#849=EDGE_CURVE('',#688,#687,#377,.T.);
#850=EDGE_CURVE('',#688,#689,#469,.T.);
#851=EDGE_CURVE('',#689,#689,#378,.T.);
#852=EDGE_CURVE('',#690,#691,#379,.T.);
#853=EDGE_CURVE('',#692,#691,#380,.T.);
#854=EDGE_CURVE('',#693,#692,#381,.F.);
#855=EDGE_CURVE('',#690,#693,#382,.T.);
#856=EDGE_CURVE('',#694,#695,#383,.T.);
#857=EDGE_CURVE('',#694,#693,#470,.T.);
#858=EDGE_CURVE('',#692,#695,#471,.T.);
#859=EDGE_CURVE('',#696,#697,#384,.T.);
#860=EDGE_CURVE('',#698,#697,#385,.T.);
#861=EDGE_CURVE('',#699,#698,#386,.F.);
#862=EDGE_CURVE('',#696,#699,#387,.T.);
#863=EDGE_CURVE('',#700,#701,#388,.T.);
#864=EDGE_CURVE('',#700,#699,#472,.T.);
#865=EDGE_CURVE('',#698,#701,#473,.T.);
#866=EDGE_CURVE('',#702,#692,#474,.T.);
#867=EDGE_CURVE('',#691,#703,#475,.T.);
#868=EDGE_CURVE('',#703,#702,#15,.T.);
#869=EDGE_CURVE('',#703,#704,#476,.T.);
#870=EDGE_CURVE('',#704,#705,#16,.T.);
#871=EDGE_CURVE('',#705,#702,#477,.T.);
#872=EDGE_CURVE('',#706,#707,#389,.T.);
#873=EDGE_CURVE('',#708,#706,#390,.F.);
#874=EDGE_CURVE('',#709,#708,#391,.T.);
#875=EDGE_CURVE('',#709,#707,#392,.T.);
#876=EDGE_CURVE('',#710,#711,#393,.F.);
#877=EDGE_CURVE('',#711,#708,#478,.T.);
#878=EDGE_CURVE('',#706,#710,#479,.T.);
#879=EDGE_CURVE('',#704,#709,#480,.T.);
#880=EDGE_CURVE('',#708,#705,#481,.T.);
#881=EDGE_CURVE('',#712,#713,#394,.T.);
#882=EDGE_CURVE('',#714,#712,#395,.F.);
#883=EDGE_CURVE('',#715,#714,#396,.T.);
#884=EDGE_CURVE('',#715,#713,#397,.T.);
#885=EDGE_CURVE('',#716,#717,#398,.F.);
#886=EDGE_CURVE('',#717,#714,#482,.T.);
#887=EDGE_CURVE('',#712,#716,#483,.T.);
#888=EDGE_CURVE('',#707,#715,#484,.T.);
#889=EDGE_CURVE('',#714,#706,#485,.T.);
#890=EDGE_CURVE('',#718,#712,#486,.T.);
#891=EDGE_CURVE('',#713,#719,#487,.T.);
#892=EDGE_CURVE('',#719,#718,#17,.T.);
#893=EDGE_CURVE('',#720,#718,#488,.T.);
#894=EDGE_CURVE('',#719,#721,#489,.T.);
#895=EDGE_CURVE('',#721,#720,#18,.T.);
#896=EDGE_CURVE('',#721,#696,#490,.T.);
#897=EDGE_CURVE('',#699,#720,#491,.T.);
#898=EDGE_CURVE('',#697,#690,#492,.T.);
#899=EDGE_CURVE('',#693,#698,#493,.T.);
#900=EDGE_CURVE('',#722,#702,#494,.T.);
#901=EDGE_CURVE('',#695,#722,#495,.T.);
#902=EDGE_CURVE('',#723,#705,#496,.T.);
#903=EDGE_CURVE('',#722,#723,#497,.T.);
#904=EDGE_CURVE('',#723,#711,#498,.T.);
#905=EDGE_CURVE('',#710,#717,#499,.T.);
#906=EDGE_CURVE('',#647,#724,#500,.T.);
#907=EDGE_CURVE('',#725,#724,#399,.T.);
#908=EDGE_CURVE('',#725,#726,#501,.T.);
#909=EDGE_CURVE('',#642,#726,#400,.T.);
#910=EDGE_CURVE('',#716,#727,#502,.T.);
#911=EDGE_CURVE('',#727,#728,#503,.T.);
#912=EDGE_CURVE('',#728,#700,#504,.T.);
#913=EDGE_CURVE('',#701,#694,#505,.T.);
#914=EDGE_CURVE('',#729,#653,#401,.T.);
#915=EDGE_CURVE('',#729,#730,#506,.F.);
#916=EDGE_CURVE('',#731,#730,#402,.T.);
#917=EDGE_CURVE('',#731,#732,#507,.F.);
#918=EDGE_CURVE('',#733,#732,#403,.T.);
#919=EDGE_CURVE('',#733,#734,#508,.F.);
#920=EDGE_CURVE('',#655,#734,#404,.T.);
#921=EDGE_CURVE('',#632,#725,#509,.T.);
#922=EDGE_CURVE('',#724,#630,#510,.T.);
#923=EDGE_CURVE('',#726,#634,#511,.T.);
#924=EDGE_CURVE('',#735,#736,#405,.T.);
#925=EDGE_CURVE('',#737,#736,#406,.T.);
#926=EDGE_CURVE('',#738,#737,#407,.F.);
#927=EDGE_CURVE('',#735,#738,#408,.T.);
#928=EDGE_CURVE('',#739,#656,#409,.F.);
#929=EDGE_CURVE('',#740,#739,#410,.T.);
#930=EDGE_CURVE('',#740,#741,#411,.T.);
#931=EDGE_CURVE('',#656,#741,#412,.T.);
#932=EDGE_CURVE('',#736,#740,#512,.T.);
#933=EDGE_CURVE('',#739,#737,#513,.T.);
#934=EDGE_CURVE('',#742,#743,#413,.T.);
#935=EDGE_CURVE('',#744,#743,#414,.T.);
#936=EDGE_CURVE('',#745,#744,#415,.F.);
#937=EDGE_CURVE('',#742,#745,#416,.T.);
#938=EDGE_CURVE('',#743,#735,#514,.T.);
#939=EDGE_CURVE('',#738,#744,#515,.T.);
#940=EDGE_CURVE('',#730,#745,#516,.T.);
#941=EDGE_CURVE('',#744,#731,#517,.T.);
#942=EDGE_CURVE('',#746,#747,#417,.T.);
#943=EDGE_CURVE('',#748,#747,#418,.T.);
#944=EDGE_CURVE('',#654,#748,#419,.F.);
#945=EDGE_CURVE('',#746,#654,#420,.T.);
#946=EDGE_CURVE('',#747,#742,#518,.T.);
#947=EDGE_CURVE('',#745,#748,#519,.T.);
#948=EDGE_CURVE('',#748,#729,#520,.T.);
#949=EDGE_CURVE('',#741,#746,#521,.T.);
#950=EDGE_CURVE('',#734,#739,#522,.T.);
#951=EDGE_CURVE('',#732,#738,#523,.T.);
#952=EDGE_CURVE('',#737,#733,#524,.T.);
#953=EDGE_CURVE('',#749,#749,#421,.T.);
#954=EDGE_CURVE('',#750,#750,#422,.T.);
#955=EDGE_CURVE('',#751,#751,#423,.T.);
#956=EDGE_CURVE('',#752,#752,#424,.T.);
#957=EDGE_CURVE('',#678,#749,#425,.T.);
#958=EDGE_CURVE('',#670,#752,#426,.T.);
#959=EDGE_CURVE('',#662,#750,#427,.T.);
#960=EDGE_CURVE('',#686,#751,#428,.T.);
#961=EDGE_CURVE('',#728,#720,#525,.T.);
#962=EDGE_CURVE('',#727,#718,#526,.T.);
#963=ORIENTED_EDGE('',*,*,#753,.T.);
#964=ORIENTED_EDGE('',*,*,#754,.T.);
#965=ORIENTED_EDGE('',*,*,#755,.T.);
#966=ORIENTED_EDGE('',*,*,#756,.T.);
#967=ORIENTED_EDGE('',*,*,#753,.F.);
#968=ORIENTED_EDGE('',*,*,#757,.T.);
#969=ORIENTED_EDGE('',*,*,#758,.T.);
#970=ORIENTED_EDGE('',*,*,#759,.T.);
#971=ORIENTED_EDGE('',*,*,#760,.T.);
#972=ORIENTED_EDGE('',*,*,#761,.T.);
#973=ORIENTED_EDGE('',*,*,#758,.F.);
#974=ORIENTED_EDGE('',*,*,#762,.T.);
#975=ORIENTED_EDGE('',*,*,#760,.F.);
#976=ORIENTED_EDGE('',*,*,#763,.T.);
#977=ORIENTED_EDGE('',*,*,#764,.T.);
#978=ORIENTED_EDGE('',*,*,#765,.T.);
#979=ORIENTED_EDGE('',*,*,#766,.T.);
#980=ORIENTED_EDGE('',*,*,#767,.T.);
#981=ORIENTED_EDGE('',*,*,#764,.F.);
#982=ORIENTED_EDGE('',*,*,#768,.T.);
#983=ORIENTED_EDGE('',*,*,#766,.F.);
#984=ORIENTED_EDGE('',*,*,#769,.T.);
#985=ORIENTED_EDGE('',*,*,#770,.T.);
#986=ORIENTED_EDGE('',*,*,#771,.T.);
#987=ORIENTED_EDGE('',*,*,#772,.T.);
#988=ORIENTED_EDGE('',*,*,#773,.T.);
#989=ORIENTED_EDGE('',*,*,#770,.F.);
#990=ORIENTED_EDGE('',*,*,#774,.T.);
#991=ORIENTED_EDGE('',*,*,#772,.F.);
#992=ORIENTED_EDGE('',*,*,#775,.T.);
#993=ORIENTED_EDGE('',*,*,#755,.F.);
#994=ORIENTED_EDGE('',*,*,#776,.T.);
#995=ORIENTED_EDGE('',*,*,#771,.F.);
#996=ORIENTED_EDGE('',*,*,#777,.F.);
#997=ORIENTED_EDGE('',*,*,#778,.F.);
#998=ORIENTED_EDGE('',*,*,#779,.F.);
#999=ORIENTED_EDGE('',*,*,#773,.F.);
#1000=ORIENTED_EDGE('',*,*,#780,.T.);
#1001=ORIENTED_EDGE('',*,*,#781,.T.);
#1002=ORIENTED_EDGE('',*,*,#777,.T.);
#1003=ORIENTED_EDGE('',*,*,#776,.F.);
#1004=ORIENTED_EDGE('',*,*,#782,.F.);
#1005=ORIENTED_EDGE('',*,*,#783,.F.);
#1006=ORIENTED_EDGE('',*,*,#780,.F.);
#1007=ORIENTED_EDGE('',*,*,#784,.F.);
#1008=ORIENTED_EDGE('',*,*,#785,.F.);
#1009=ORIENTED_EDGE('',*,*,#754,.F.);
#1010=ORIENTED_EDGE('',*,*,#786,.T.);
#1011=ORIENTED_EDGE('',*,*,#787,.T.);
#1012=ORIENTED_EDGE('',*,*,#782,.T.);
#1013=ORIENTED_EDGE('',*,*,#756,.F.);
#1014=ORIENTED_EDGE('',*,*,#775,.F.);
#1015=ORIENTED_EDGE('',*,*,#774,.F.);
#1016=ORIENTED_EDGE('',*,*,#769,.F.);
#1017=ORIENTED_EDGE('',*,*,#768,.F.);
#1018=ORIENTED_EDGE('',*,*,#763,.F.);
#1019=ORIENTED_EDGE('',*,*,#762,.F.);
#1020=ORIENTED_EDGE('',*,*,#757,.F.);
#1021=ORIENTED_EDGE('',*,*,#784,.T.);
#1022=ORIENTED_EDGE('',*,*,#788,.T.);
#1023=ORIENTED_EDGE('',*,*,#789,.T.);
#1024=ORIENTED_EDGE('',*,*,#788,.F.);
#1025=ORIENTED_EDGE('',*,*,#789,.F.);
#1026=ORIENTED_EDGE('',*,*,#790,.T.);
#1027=ORIENTED_EDGE('',*,*,#791,.F.);
#1028=ORIENTED_EDGE('',*,*,#790,.F.);
#1029=ORIENTED_EDGE('',*,*,#785,.T.);
#1030=ORIENTED_EDGE('',*,*,#792,.T.);
#1031=ORIENTED_EDGE('',*,*,#793,.T.);
#1032=ORIENTED_EDGE('',*,*,#792,.F.);
#1033=ORIENTED_EDGE('',*,*,#793,.F.);
#1034=ORIENTED_EDGE('',*,*,#794,.T.);
#1035=ORIENTED_EDGE('',*,*,#795,.F.);
#1036=ORIENTED_EDGE('',*,*,#794,.F.);
#1037=ORIENTED_EDGE('',*,*,#796,.T.);
#1038=ORIENTED_EDGE('',*,*,#797,.T.);
#1039=ORIENTED_EDGE('',*,*,#795,.T.);
#1040=ORIENTED_EDGE('',*,*,#797,.F.);
#1041=ORIENTED_EDGE('',*,*,#798,.F.);
#1042=ORIENTED_EDGE('',*,*,#799,.F.);
#1043=ORIENTED_EDGE('',*,*,#800,.F.);
#1044=ORIENTED_EDGE('',*,*,#801,.F.);
#1045=ORIENTED_EDGE('',*,*,#802,.F.);
#1046=ORIENTED_EDGE('',*,*,#796,.F.);
#1047=ORIENTED_EDGE('',*,*,#802,.T.);
#1048=ORIENTED_EDGE('',*,*,#803,.T.);
#1049=ORIENTED_EDGE('',*,*,#791,.T.);
#1050=ORIENTED_EDGE('',*,*,#803,.F.);
#1051=ORIENTED_EDGE('',*,*,#804,.T.);
#1052=ORIENTED_EDGE('',*,*,#805,.T.);
#1053=ORIENTED_EDGE('',*,*,#806,.T.);
#1054=ORIENTED_EDGE('',*,*,#805,.F.);
#1055=ORIENTED_EDGE('',*,*,#804,.F.);
#1056=ORIENTED_EDGE('',*,*,#807,.F.);
#1057=ORIENTED_EDGE('',*,*,#806,.F.);
#1058=ORIENTED_EDGE('',*,*,#808,.T.);
#1059=ORIENTED_EDGE('',*,*,#809,.F.);
#1060=ORIENTED_EDGE('',*,*,#810,.F.);
#1061=ORIENTED_EDGE('',*,*,#808,.F.);
#1062=ORIENTED_EDGE('',*,*,#807,.T.);
#1063=ORIENTED_EDGE('',*,*,#811,.T.);
#1064=ORIENTED_EDGE('',*,*,#812,.T.);
#1065=ORIENTED_EDGE('',*,*,#813,.T.);
#1066=ORIENTED_EDGE('',*,*,#811,.F.);
#1067=ORIENTED_EDGE('',*,*,#813,.F.);
#1068=ORIENTED_EDGE('',*,*,#814,.T.);
#1069=ORIENTED_EDGE('',*,*,#815,.F.);
#1070=ORIENTED_EDGE('',*,*,#814,.F.);
#1071=ORIENTED_EDGE('',*,*,#812,.F.);
#1072=ORIENTED_EDGE('',*,*,#816,.T.);
#1073=ORIENTED_EDGE('',*,*,#817,.T.);
#1074=ORIENTED_EDGE('',*,*,#818,.T.);
#1075=ORIENTED_EDGE('',*,*,#817,.F.);
#1076=ORIENTED_EDGE('',*,*,#816,.F.);
#1077=ORIENTED_EDGE('',*,*,#819,.F.);
#1078=ORIENTED_EDGE('',*,*,#818,.F.);
#1079=ORIENTED_EDGE('',*,*,#820,.T.);
#1080=ORIENTED_EDGE('',*,*,#821,.F.);
#1081=ORIENTED_EDGE('',*,*,#822,.F.);
#1082=ORIENTED_EDGE('',*,*,#820,.F.);
#1083=ORIENTED_EDGE('',*,*,#819,.T.);
#1084=ORIENTED_EDGE('',*,*,#823,.T.);
#1085=ORIENTED_EDGE('',*,*,#824,.T.);
#1086=ORIENTED_EDGE('',*,*,#825,.T.);
#1087=ORIENTED_EDGE('',*,*,#823,.F.);
#1088=ORIENTED_EDGE('',*,*,#825,.F.);
#1089=ORIENTED_EDGE('',*,*,#826,.T.);
#1090=ORIENTED_EDGE('',*,*,#827,.F.);
#1091=ORIENTED_EDGE('',*,*,#826,.F.);
#1092=ORIENTED_EDGE('',*,*,#824,.F.);
#1093=ORIENTED_EDGE('',*,*,#828,.T.);
#1094=ORIENTED_EDGE('',*,*,#829,.T.);
#1095=ORIENTED_EDGE('',*,*,#830,.T.);
#1096=ORIENTED_EDGE('',*,*,#829,.F.);
#1097=ORIENTED_EDGE('',*,*,#828,.F.);
#1098=ORIENTED_EDGE('',*,*,#831,.F.);
#1099=ORIENTED_EDGE('',*,*,#830,.F.);
#1100=ORIENTED_EDGE('',*,*,#832,.T.);
#1101=ORIENTED_EDGE('',*,*,#833,.F.);
#1102=ORIENTED_EDGE('',*,*,#834,.F.);
#1103=ORIENTED_EDGE('',*,*,#832,.F.);
#1104=ORIENTED_EDGE('',*,*,#831,.T.);
#1105=ORIENTED_EDGE('',*,*,#835,.T.);
#1106=ORIENTED_EDGE('',*,*,#836,.T.);
#1107=ORIENTED_EDGE('',*,*,#837,.T.);
#1108=ORIENTED_EDGE('',*,*,#835,.F.);
#1109=ORIENTED_EDGE('',*,*,#837,.F.);
#1110=ORIENTED_EDGE('',*,*,#838,.T.);
#1111=ORIENTED_EDGE('',*,*,#839,.F.);
#1112=ORIENTED_EDGE('',*,*,#838,.F.);
#1113=ORIENTED_EDGE('',*,*,#836,.F.);
#1114=ORIENTED_EDGE('',*,*,#840,.T.);
#1115=ORIENTED_EDGE('',*,*,#841,.T.);
#1116=ORIENTED_EDGE('',*,*,#842,.T.);
#1117=ORIENTED_EDGE('',*,*,#841,.F.);
#1118=ORIENTED_EDGE('',*,*,#840,.F.);
#1119=ORIENTED_EDGE('',*,*,#843,.F.);
#1120=ORIENTED_EDGE('',*,*,#842,.F.);
#1121=ORIENTED_EDGE('',*,*,#844,.T.);
#1122=ORIENTED_EDGE('',*,*,#845,.F.);
#1123=ORIENTED_EDGE('',*,*,#846,.F.);
#1124=ORIENTED_EDGE('',*,*,#844,.F.);
#1125=ORIENTED_EDGE('',*,*,#843,.T.);
#1126=ORIENTED_EDGE('',*,*,#847,.T.);
#1127=ORIENTED_EDGE('',*,*,#848,.T.);
#1128=ORIENTED_EDGE('',*,*,#849,.T.);
#1129=ORIENTED_EDGE('',*,*,#847,.F.);
#1130=ORIENTED_EDGE('',*,*,#849,.F.);
#1131=ORIENTED_EDGE('',*,*,#850,.T.);
#1132=ORIENTED_EDGE('',*,*,#851,.F.);
#1133=ORIENTED_EDGE('',*,*,#850,.F.);
#1134=ORIENTED_EDGE('',*,*,#848,.F.);
#1135=ORIENTED_EDGE('',*,*,#852,.T.);
#1136=ORIENTED_EDGE('',*,*,#853,.F.);
#1137=ORIENTED_EDGE('',*,*,#854,.F.);
#1138=ORIENTED_EDGE('',*,*,#855,.F.);
#1139=ORIENTED_EDGE('',*,*,#856,.F.);
#1140=ORIENTED_EDGE('',*,*,#857,.T.);
#1141=ORIENTED_EDGE('',*,*,#854,.T.);
#1142=ORIENTED_EDGE('',*,*,#858,.T.);
#1143=ORIENTED_EDGE('',*,*,#859,.T.);
#1144=ORIENTED_EDGE('',*,*,#860,.F.);
#1145=ORIENTED_EDGE('',*,*,#861,.F.);
#1146=ORIENTED_EDGE('',*,*,#862,.F.);
#1147=ORIENTED_EDGE('',*,*,#863,.F.);
#1148=ORIENTED_EDGE('',*,*,#864,.T.);
#1149=ORIENTED_EDGE('',*,*,#861,.T.);
#1150=ORIENTED_EDGE('',*,*,#865,.T.);
#1151=ORIENTED_EDGE('',*,*,#866,.T.);
#1152=ORIENTED_EDGE('',*,*,#853,.T.);
#1153=ORIENTED_EDGE('',*,*,#867,.T.);
#1154=ORIENTED_EDGE('',*,*,#868,.T.);
#1155=ORIENTED_EDGE('',*,*,#869,.T.);
#1156=ORIENTED_EDGE('',*,*,#870,.T.);
#1157=ORIENTED_EDGE('',*,*,#871,.T.);
#1158=ORIENTED_EDGE('',*,*,#868,.F.);
#1159=ORIENTED_EDGE('',*,*,#872,.F.);
#1160=ORIENTED_EDGE('',*,*,#873,.F.);
#1161=ORIENTED_EDGE('',*,*,#874,.F.);
#1162=ORIENTED_EDGE('',*,*,#875,.T.);
#1163=ORIENTED_EDGE('',*,*,#876,.T.);
#1164=ORIENTED_EDGE('',*,*,#877,.T.);
#1165=ORIENTED_EDGE('',*,*,#873,.T.);
#1166=ORIENTED_EDGE('',*,*,#878,.T.);
#1167=ORIENTED_EDGE('',*,*,#879,.T.);
#1168=ORIENTED_EDGE('',*,*,#874,.T.);
#1169=ORIENTED_EDGE('',*,*,#880,.T.);
#1170=ORIENTED_EDGE('',*,*,#870,.F.);
#1171=ORIENTED_EDGE('',*,*,#881,.F.);
#1172=ORIENTED_EDGE('',*,*,#882,.F.);
#1173=ORIENTED_EDGE('',*,*,#883,.F.);
#1174=ORIENTED_EDGE('',*,*,#884,.T.);
#1175=ORIENTED_EDGE('',*,*,#885,.T.);
#1176=ORIENTED_EDGE('',*,*,#886,.T.);
#1177=ORIENTED_EDGE('',*,*,#882,.T.);
#1178=ORIENTED_EDGE('',*,*,#887,.T.);
#1179=ORIENTED_EDGE('',*,*,#872,.T.);
#1180=ORIENTED_EDGE('',*,*,#888,.T.);
#1181=ORIENTED_EDGE('',*,*,#883,.T.);
#1182=ORIENTED_EDGE('',*,*,#889,.T.);
#1183=ORIENTED_EDGE('',*,*,#890,.T.);
#1184=ORIENTED_EDGE('',*,*,#881,.T.);
#1185=ORIENTED_EDGE('',*,*,#891,.T.);
#1186=ORIENTED_EDGE('',*,*,#892,.T.);
#1187=ORIENTED_EDGE('',*,*,#893,.T.);
#1188=ORIENTED_EDGE('',*,*,#892,.F.);
#1189=ORIENTED_EDGE('',*,*,#894,.T.);
#1190=ORIENTED_EDGE('',*,*,#895,.T.);
#1191=ORIENTED_EDGE('',*,*,#896,.T.);
#1192=ORIENTED_EDGE('',*,*,#862,.T.);
#1193=ORIENTED_EDGE('',*,*,#897,.T.);
#1194=ORIENTED_EDGE('',*,*,#895,.F.);
#1195=ORIENTED_EDGE('',*,*,#860,.T.);
#1196=ORIENTED_EDGE('',*,*,#898,.T.);
#1197=ORIENTED_EDGE('',*,*,#855,.T.);
#1198=ORIENTED_EDGE('',*,*,#899,.T.);
#1199=ORIENTED_EDGE('',*,*,#852,.F.);
#1200=ORIENTED_EDGE('',*,*,#898,.F.);
#1201=ORIENTED_EDGE('',*,*,#859,.F.);
#1202=ORIENTED_EDGE('',*,*,#896,.F.);
#1203=ORIENTED_EDGE('',*,*,#894,.F.);
#1204=ORIENTED_EDGE('',*,*,#891,.F.);
#1205=ORIENTED_EDGE('',*,*,#884,.F.);
#1206=ORIENTED_EDGE('',*,*,#888,.F.);
#1207=ORIENTED_EDGE('',*,*,#875,.F.);
#1208=ORIENTED_EDGE('',*,*,#879,.F.);
#1209=ORIENTED_EDGE('',*,*,#869,.F.);
#1210=ORIENTED_EDGE('',*,*,#867,.F.);
#1211=ORIENTED_EDGE('',*,*,#858,.F.);
#1212=ORIENTED_EDGE('',*,*,#866,.F.);
#1213=ORIENTED_EDGE('',*,*,#900,.F.);
#1214=ORIENTED_EDGE('',*,*,#901,.F.);
#1215=ORIENTED_EDGE('',*,*,#871,.F.);
#1216=ORIENTED_EDGE('',*,*,#902,.F.);
#1217=ORIENTED_EDGE('',*,*,#903,.F.);
#1218=ORIENTED_EDGE('',*,*,#900,.T.);
#1219=ORIENTED_EDGE('',*,*,#880,.F.);
#1220=ORIENTED_EDGE('',*,*,#877,.F.);
#1221=ORIENTED_EDGE('',*,*,#904,.F.);
#1222=ORIENTED_EDGE('',*,*,#902,.T.);
#1223=ORIENTED_EDGE('',*,*,#878,.F.);
#1224=ORIENTED_EDGE('',*,*,#889,.F.);
#1225=ORIENTED_EDGE('',*,*,#886,.F.);
#1226=ORIENTED_EDGE('',*,*,#905,.F.);
#1227=ORIENTED_EDGE('',*,*,#787,.F.);
#1228=ORIENTED_EDGE('',*,*,#906,.T.);
#1229=ORIENTED_EDGE('',*,*,#907,.F.);
#1230=ORIENTED_EDGE('',*,*,#908,.T.);
#1231=ORIENTED_EDGE('',*,*,#909,.F.);
#1232=ORIENTED_EDGE('',*,*,#778,.T.);
#1233=ORIENTED_EDGE('',*,*,#781,.F.);
#1234=ORIENTED_EDGE('',*,*,#783,.T.);
#1235=ORIENTED_EDGE('',*,*,#856,.T.);
#1236=ORIENTED_EDGE('',*,*,#901,.T.);
#1237=ORIENTED_EDGE('',*,*,#903,.T.);
#1238=ORIENTED_EDGE('',*,*,#904,.T.);
#1239=ORIENTED_EDGE('',*,*,#876,.F.);
#1240=ORIENTED_EDGE('',*,*,#905,.T.);
#1241=ORIENTED_EDGE('',*,*,#885,.F.);
#1242=ORIENTED_EDGE('',*,*,#910,.T.);
#1243=ORIENTED_EDGE('',*,*,#911,.T.);
#1244=ORIENTED_EDGE('',*,*,#912,.T.);
#1245=ORIENTED_EDGE('',*,*,#863,.T.);
#1246=ORIENTED_EDGE('',*,*,#913,.T.);
#1247=ORIENTED_EDGE('',*,*,#799,.T.);
#1248=ORIENTED_EDGE('',*,*,#914,.F.);
#1249=ORIENTED_EDGE('',*,*,#915,.T.);
#1250=ORIENTED_EDGE('',*,*,#916,.F.);
#1251=ORIENTED_EDGE('',*,*,#917,.T.);
#1252=ORIENTED_EDGE('',*,*,#918,.F.);
#1253=ORIENTED_EDGE('',*,*,#919,.T.);
#1254=ORIENTED_EDGE('',*,*,#920,.F.);
#1255=ORIENTED_EDGE('',*,*,#761,.F.);
#1256=ORIENTED_EDGE('',*,*,#921,.T.);
#1257=ORIENTED_EDGE('',*,*,#907,.T.);
#1258=ORIENTED_EDGE('',*,*,#922,.T.);
#1259=ORIENTED_EDGE('',*,*,#765,.F.);
#1260=ORIENTED_EDGE('',*,*,#923,.F.);
#1261=ORIENTED_EDGE('',*,*,#908,.F.);
#1262=ORIENTED_EDGE('',*,*,#921,.F.);
#1263=ORIENTED_EDGE('',*,*,#767,.F.);
#1264=ORIENTED_EDGE('',*,*,#779,.T.);
#1265=ORIENTED_EDGE('',*,*,#909,.T.);
#1266=ORIENTED_EDGE('',*,*,#923,.T.);
#1267=ORIENTED_EDGE('',*,*,#924,.T.);
#1268=ORIENTED_EDGE('',*,*,#925,.F.);
#1269=ORIENTED_EDGE('',*,*,#926,.F.);
#1270=ORIENTED_EDGE('',*,*,#927,.F.);
#1271=ORIENTED_EDGE('',*,*,#928,.F.);
#1272=ORIENTED_EDGE('',*,*,#929,.F.);
#1273=ORIENTED_EDGE('',*,*,#930,.T.);
#1274=ORIENTED_EDGE('',*,*,#931,.F.);
#1275=ORIENTED_EDGE('',*,*,#925,.T.);
#1276=ORIENTED_EDGE('',*,*,#932,.T.);
#1277=ORIENTED_EDGE('',*,*,#929,.T.);
#1278=ORIENTED_EDGE('',*,*,#933,.T.);
#1279=ORIENTED_EDGE('',*,*,#934,.T.);
#1280=ORIENTED_EDGE('',*,*,#935,.F.);
#1281=ORIENTED_EDGE('',*,*,#936,.F.);
#1282=ORIENTED_EDGE('',*,*,#937,.F.);
#1283=ORIENTED_EDGE('',*,*,#935,.T.);
#1284=ORIENTED_EDGE('',*,*,#938,.T.);
#1285=ORIENTED_EDGE('',*,*,#927,.T.);
#1286=ORIENTED_EDGE('',*,*,#939,.T.);
#1287=ORIENTED_EDGE('',*,*,#916,.T.);
#1288=ORIENTED_EDGE('',*,*,#940,.T.);
#1289=ORIENTED_EDGE('',*,*,#936,.T.);
#1290=ORIENTED_EDGE('',*,*,#941,.T.);
#1291=ORIENTED_EDGE('',*,*,#942,.T.);
#1292=ORIENTED_EDGE('',*,*,#943,.F.);
#1293=ORIENTED_EDGE('',*,*,#944,.F.);
#1294=ORIENTED_EDGE('',*,*,#945,.F.);
#1295=ORIENTED_EDGE('',*,*,#943,.T.);
#1296=ORIENTED_EDGE('',*,*,#946,.T.);
#1297=ORIENTED_EDGE('',*,*,#937,.T.);
#1298=ORIENTED_EDGE('',*,*,#947,.T.);
#1299=ORIENTED_EDGE('',*,*,#914,.T.);
#1300=ORIENTED_EDGE('',*,*,#798,.T.);
#1301=ORIENTED_EDGE('',*,*,#944,.T.);
#1302=ORIENTED_EDGE('',*,*,#948,.T.);
#1303=ORIENTED_EDGE('',*,*,#931,.T.);
#1304=ORIENTED_EDGE('',*,*,#949,.T.);
#1305=ORIENTED_EDGE('',*,*,#945,.T.);
#1306=ORIENTED_EDGE('',*,*,#801,.T.);
#1307=ORIENTED_EDGE('',*,*,#920,.T.);
#1308=ORIENTED_EDGE('',*,*,#950,.T.);
#1309=ORIENTED_EDGE('',*,*,#928,.T.);
#1310=ORIENTED_EDGE('',*,*,#800,.T.);
#1311=ORIENTED_EDGE('',*,*,#918,.T.);
#1312=ORIENTED_EDGE('',*,*,#951,.T.);
#1313=ORIENTED_EDGE('',*,*,#926,.T.);
#1314=ORIENTED_EDGE('',*,*,#952,.T.);
#1315=ORIENTED_EDGE('',*,*,#948,.F.);
#1316=ORIENTED_EDGE('',*,*,#947,.F.);
#1317=ORIENTED_EDGE('',*,*,#940,.F.);
#1318=ORIENTED_EDGE('',*,*,#915,.F.);
#1319=ORIENTED_EDGE('',*,*,#941,.F.);
#1320=ORIENTED_EDGE('',*,*,#939,.F.);
#1321=ORIENTED_EDGE('',*,*,#951,.F.);
#1322=ORIENTED_EDGE('',*,*,#917,.F.);
#1323=ORIENTED_EDGE('',*,*,#942,.F.);
#1324=ORIENTED_EDGE('',*,*,#949,.F.);
#1325=ORIENTED_EDGE('',*,*,#930,.F.);
#1326=ORIENTED_EDGE('',*,*,#932,.F.);
#1327=ORIENTED_EDGE('',*,*,#924,.F.);
#1328=ORIENTED_EDGE('',*,*,#938,.F.);
#1329=ORIENTED_EDGE('',*,*,#934,.F.);
#1330=ORIENTED_EDGE('',*,*,#946,.F.);
#1331=ORIENTED_EDGE('',*,*,#953,.F.);
#1332=ORIENTED_EDGE('',*,*,#954,.F.);
#1333=ORIENTED_EDGE('',*,*,#955,.F.);
#1334=ORIENTED_EDGE('',*,*,#956,.F.);
#1335=ORIENTED_EDGE('',*,*,#834,.T.);
#1336=ORIENTED_EDGE('',*,*,#957,.T.);
#1337=ORIENTED_EDGE('',*,*,#953,.T.);
#1338=ORIENTED_EDGE('',*,*,#957,.F.);
#1339=ORIENTED_EDGE('',*,*,#833,.T.);
#1340=ORIENTED_EDGE('',*,*,#822,.T.);
#1341=ORIENTED_EDGE('',*,*,#958,.T.);
#1342=ORIENTED_EDGE('',*,*,#956,.T.);
#1343=ORIENTED_EDGE('',*,*,#958,.F.);
#1344=ORIENTED_EDGE('',*,*,#821,.T.);
#1345=ORIENTED_EDGE('',*,*,#810,.T.);
#1346=ORIENTED_EDGE('',*,*,#959,.T.);
#1347=ORIENTED_EDGE('',*,*,#954,.T.);
#1348=ORIENTED_EDGE('',*,*,#959,.F.);
#1349=ORIENTED_EDGE('',*,*,#809,.T.);
#1350=ORIENTED_EDGE('',*,*,#846,.T.);
#1351=ORIENTED_EDGE('',*,*,#960,.T.);
#1352=ORIENTED_EDGE('',*,*,#955,.T.);
#1353=ORIENTED_EDGE('',*,*,#960,.F.);
#1354=ORIENTED_EDGE('',*,*,#845,.T.);
#1355=ORIENTED_EDGE('',*,*,#839,.T.);
#1356=ORIENTED_EDGE('',*,*,#851,.T.);
#1357=ORIENTED_EDGE('',*,*,#827,.T.);
#1358=ORIENTED_EDGE('',*,*,#857,.F.);
#1359=ORIENTED_EDGE('',*,*,#913,.F.);
#1360=ORIENTED_EDGE('',*,*,#865,.F.);
#1361=ORIENTED_EDGE('',*,*,#899,.F.);
#1362=ORIENTED_EDGE('',*,*,#864,.F.);
#1363=ORIENTED_EDGE('',*,*,#912,.F.);
#1364=ORIENTED_EDGE('',*,*,#961,.T.);
#1365=ORIENTED_EDGE('',*,*,#897,.F.);
#1366=ORIENTED_EDGE('',*,*,#893,.F.);
#1367=ORIENTED_EDGE('',*,*,#961,.F.);
#1368=ORIENTED_EDGE('',*,*,#911,.F.);
#1369=ORIENTED_EDGE('',*,*,#962,.T.);
#1370=ORIENTED_EDGE('',*,*,#890,.F.);
#1371=ORIENTED_EDGE('',*,*,#962,.F.);
#1372=ORIENTED_EDGE('',*,*,#910,.F.);
#1373=ORIENTED_EDGE('',*,*,#887,.F.);
#1374=ORIENTED_EDGE('',*,*,#950,.F.);
#1375=ORIENTED_EDGE('',*,*,#919,.F.);
#1376=ORIENTED_EDGE('',*,*,#952,.F.);
#1377=ORIENTED_EDGE('',*,*,#933,.F.);
#1378=ORIENTED_EDGE('',*,*,#759,.F.);
#1379=ORIENTED_EDGE('',*,*,#922,.F.);
#1380=ORIENTED_EDGE('',*,*,#906,.F.);
#1381=ORIENTED_EDGE('',*,*,#786,.F.);
#1382=ORIENTED_EDGE('',*,*,#815,.T.);
#1383=CONICAL_SURFACE('',#1499,1.875,0.78539816339745);
#1384=CONICAL_SURFACE('',#1503,1.875,0.785398163397448);
#1385=CONICAL_SURFACE('',#1507,1.875,0.785398163397448);
#1386=CONICAL_SURFACE('',#1511,1.875,0.785398163397449);
#1387=CONICAL_SURFACE('',#1524,1.375,0.785398163397446);
#1388=CONICAL_SURFACE('',#1528,1.375,0.785398163397448);
#1389=CONICAL_SURFACE('',#1532,1.375,0.785398163397446);
#1390=CONICAL_SURFACE('',#1536,1.375,0.785398163397446);
#1391=ADVANCED_FACE('',(#119),#1383,.T.);
#1392=ADVANCED_FACE('',(#120),#87,.T.);
#1393=ADVANCED_FACE('',(#121),#1384,.T.);
#1394=ADVANCED_FACE('',(#122),#88,.T.);
#1395=ADVANCED_FACE('',(#123),#1385,.T.);
#1396=ADVANCED_FACE('',(#124),#89,.T.);
#1397=ADVANCED_FACE('',(#125),#1386,.T.);
#1398=ADVANCED_FACE('',(#126),#90,.T.);
#1399=ADVANCED_FACE('',(#127),#91,.T.);
#1400=ADVANCED_FACE('',(#128),#53,.T.);
#1401=ADVANCED_FACE('',(#129,#39,#40),#92,.T.);
#1402=ADVANCED_FACE('',(#130),#54,.T.);
#1403=ADVANCED_FACE('',(#131),#93,.F.);
#1404=ADVANCED_FACE('',(#132),#1387,.F.);
#1405=ADVANCED_FACE('',(#133),#55,.F.);
#1406=ADVANCED_FACE('',(#134),#1388,.F.);
#1407=ADVANCED_FACE('',(#135),#56,.F.);
#1408=ADVANCED_FACE('',(#136),#1389,.F.);
#1409=ADVANCED_FACE('',(#137,#41,#42),#94,.T.);
#1410=ADVANCED_FACE('',(#138),#1390,.F.);
#1411=ADVANCED_FACE('',(#139),#19,.T.);
#1412=ADVANCED_FACE('',(#140,#43),#95,.T.);
#1413=ADVANCED_FACE('',(#141),#57,.T.);
#1414=ADVANCED_FACE('',(#142),#20,.T.);
#1415=ADVANCED_FACE('',(#143),#58,.F.);
#1416=ADVANCED_FACE('',(#144),#21,.T.);
#1417=ADVANCED_FACE('',(#145,#44),#96,.T.);
#1418=ADVANCED_FACE('',(#146),#59,.T.);
#1419=ADVANCED_FACE('',(#147),#22,.T.);
#1420=ADVANCED_FACE('',(#148),#60,.F.);
#1421=ADVANCED_FACE('',(#149),#23,.T.);
#1422=ADVANCED_FACE('',(#150,#45),#97,.T.);
#1423=ADVANCED_FACE('',(#151),#61,.T.);
#1424=ADVANCED_FACE('',(#152),#24,.T.);
#1425=ADVANCED_FACE('',(#153),#62,.F.);
#1426=ADVANCED_FACE('',(#154),#25,.T.);
#1427=ADVANCED_FACE('',(#155,#46),#98,.T.);
#1428=ADVANCED_FACE('',(#156),#63,.T.);
#1429=ADVANCED_FACE('',(#157),#26,.T.);
#1430=ADVANCED_FACE('',(#158),#64,.F.);
#1431=ADVANCED_FACE('',(#159),#27,.T.);
#1432=ADVANCED_FACE('',(#160),#65,.F.);
#1433=ADVANCED_FACE('',(#161),#28,.T.);
#1434=ADVANCED_FACE('',(#162),#66,.F.);
#1435=ADVANCED_FACE('',(#163),#67,.T.);
#1436=ADVANCED_FACE('',(#164),#68,.T.);
#1437=ADVANCED_FACE('',(#165),#29,.T.);
#1438=ADVANCED_FACE('',(#166),#69,.T.);
#1439=ADVANCED_FACE('',(#167),#70,.T.);
#1440=ADVANCED_FACE('',(#168),#30,.T.);
#1441=ADVANCED_FACE('',(#169),#71,.T.);
#1442=ADVANCED_FACE('',(#170),#72,.T.);
#1443=ADVANCED_FACE('',(#171),#73,.T.);
#1444=ADVANCED_FACE('',(#172),#74,.T.);
#1445=ADVANCED_FACE('',(#173),#75,.T.);
#1446=ADVANCED_FACE('',(#174),#76,.T.);
#1447=ADVANCED_FACE('',(#175),#99,.T.);
#1448=ADVANCED_FACE('',(#176),#100,.T.);
#1449=ADVANCED_FACE('',(#177),#101,.T.);
#1450=ADVANCED_FACE('',(#178),#102,.T.);
#1451=ADVANCED_FACE('',(#179),#103,.T.);
#1452=ADVANCED_FACE('',(#180,#47,#48),#104,.T.);
#1453=ADVANCED_FACE('',(#181),#77,.T.);
#1454=ADVANCED_FACE('',(#182),#105,.T.);
#1455=ADVANCED_FACE('',(#183),#78,.T.);
#1456=ADVANCED_FACE('',(#184),#31,.F.);
#1457=ADVANCED_FACE('',(#185),#32,.F.);
#1458=ADVANCED_FACE('',(#186),#79,.F.);
#1459=ADVANCED_FACE('',(#187),#33,.F.);
#1460=ADVANCED_FACE('',(#188),#80,.F.);
#1461=ADVANCED_FACE('',(#189),#81,.F.);
#1462=ADVANCED_FACE('',(#190),#34,.F.);
#1463=ADVANCED_FACE('',(#191),#82,.F.);
#1464=ADVANCED_FACE('',(#192),#83,.F.);
#1465=ADVANCED_FACE('',(#193),#84,.F.);
#1466=ADVANCED_FACE('',(#194),#85,.F.);
#1467=ADVANCED_FACE('',(#195),#86,.F.);
#1468=ADVANCED_FACE('',(#196),#106,.T.);
#1469=ADVANCED_FACE('',(#197),#107,.T.);
#1470=ADVANCED_FACE('',(#198,#49,#50,#51,#52),#108,.T.);
#1471=ADVANCED_FACE('',(#199),#35,.F.);
#1472=ADVANCED_FACE('',(#200),#36,.F.);
#1473=ADVANCED_FACE('',(#201),#37,.F.);
#1474=ADVANCED_FACE('',(#202),#38,.F.);
#1475=ADVANCED_FACE('',(#203),#109,.T.);
#1476=ADVANCED_FACE('',(#204),#110,.T.);
#1477=ADVANCED_FACE('',(#205),#111,.T.);
#1478=ADVANCED_FACE('',(#206),#112,.T.);
#1479=ADVANCED_FACE('',(#207),#113,.T.);
#1480=ADVANCED_FACE('',(#208),#114,.T.);
#1481=ADVANCED_FACE('',(#209),#115,.T.);
#1482=ADVANCED_FACE('',(#210),#116,.T.);
#1483=ADVANCED_FACE('',(#211),#117,.T.);
#1484=ADVANCED_FACE('',(#212),#118,.T.);
#1485=CLOSED_SHELL('',(#1391,#1392,#1393,#1394,#1395,#1396,#1397,#1398,
#1399,#1400,#1401,#1402,#1403,#1404,#1405,#1406,#1407,#1408,#1409,#1410,
#1411,#1412,#1413,#1414,#1415,#1416,#1417,#1418,#1419,#1420,#1421,#1422,
#1423,#1424,#1425,#1426,#1427,#1428,#1429,#1430,#1431,#1432,#1433,#1434,
#1435,#1436,#1437,#1438,#1439,#1440,#1441,#1442,#1443,#1444,#1445,#1446,
#1447,#1448,#1449,#1450,#1451,#1452,#1453,#1454,#1455,#1456,#1457,#1458,
#1459,#1460,#1461,#1462,#1463,#1464,#1465,#1466,#1467,#1468,#1469,#1470,
#1471,#1472,#1473,#1474,#1475,#1476,#1477,#1478,#1479,#1480,#1481,#1482,
#1483,#1484));
#1486=DERIVED_UNIT_ELEMENT(#1488,1.);
#1487=DERIVED_UNIT_ELEMENT(#2655,-3.);
#1488=(
MASS_UNIT()
NAMED_UNIT(*)
SI_UNIT(.KILO.,.GRAM.)
);
#1489=DERIVED_UNIT((#1486,#1487));
#1490=MEASURE_REPRESENTATION_ITEM('density measure',
POSITIVE_RATIO_MEASURE(1290.),#1489);
#1491=PROPERTY_DEFINITION_REPRESENTATION(#1496,#1493);
#1492=PROPERTY_DEFINITION_REPRESENTATION(#1497,#1494);
#1493=REPRESENTATION('material name',(#1495),#2652);
#1494=REPRESENTATION('density',(#1490),#2652);
#1495=DESCRIPTIVE_REPRESENTATION_ITEM('Plastic','Plastic');
#1496=PROPERTY_DEFINITION('material property','material name',#2662);
#1497=PROPERTY_DEFINITION('material property','density of part',#2662);
#1498=AXIS2_PLACEMENT_3D('',#2217,#1705,#1706);
#1499=AXIS2_PLACEMENT_3D('',#2218,#1707,#1708);
#1500=AXIS2_PLACEMENT_3D('',#2223,#1710,#1711);
#1501=AXIS2_PLACEMENT_3D('',#2226,#1713,#1714);
#1502=AXIS2_PLACEMENT_3D('',#2227,#1715,#1716);
#1503=AXIS2_PLACEMENT_3D('',#2233,#1720,#1721);
#1504=AXIS2_PLACEMENT_3D('',#2237,#1723,#1724);
#1505=AXIS2_PLACEMENT_3D('',#2238,#1725,#1726);
#1506=AXIS2_PLACEMENT_3D('',#2239,#1727,#1728);
#1507=AXIS2_PLACEMENT_3D('',#2245,#1732,#1733);
#1508=AXIS2_PLACEMENT_3D('',#2249,#1735,#1736);
#1509=AXIS2_PLACEMENT_3D('',#2250,#1737,#1738);
#1510=AXIS2_PLACEMENT_3D('',#2251,#1739,#1740);
#1511=AXIS2_PLACEMENT_3D('',#2257,#1744,#1745);
#1512=AXIS2_PLACEMENT_3D('',#2261,#1747,#1748);
#1513=AXIS2_PLACEMENT_3D('',#2262,#1749,#1750);
#1514=AXIS2_PLACEMENT_3D('',#2263,#1751,#1752);
#1515=AXIS2_PLACEMENT_3D('',#2266,#1755,#1756);
#1516=AXIS2_PLACEMENT_3D('',#2272,#1760,#1761);
#1517=AXIS2_PLACEMENT_3D('',#2275,#1763,#1764);
#1518=AXIS2_PLACEMENT_3D('',#2276,#1765,#1766);
#1519=AXIS2_PLACEMENT_3D('',#2281,#1769,#1770);
#1520=AXIS2_PLACEMENT_3D('',#2283,#1771,#1772);
#1521=AXIS2_PLACEMENT_3D('',#2284,#1773,#1774);
#1522=AXIS2_PLACEMENT_3D('',#2287,#1776,#1777);
#1523=AXIS2_PLACEMENT_3D('',#2288,#1778,#1779);
#1524=AXIS2_PLACEMENT_3D('',#2289,#1780,#1781);
#1525=AXIS2_PLACEMENT_3D('',#2292,#1783,#1784);
#1526=AXIS2_PLACEMENT_3D('',#2293,#1785,#1786);
#1527=AXIS2_PLACEMENT_3D('',#2296,#1788,#1789);
#1528=AXIS2_PLACEMENT_3D('',#2297,#1790,#1791);
#1529=AXIS2_PLACEMENT_3D('',#2300,#1793,#1794);
#1530=AXIS2_PLACEMENT_3D('',#2301,#1795,#1796);
#1531=AXIS2_PLACEMENT_3D('',#2304,#1798,#1799);
#1532=AXIS2_PLACEMENT_3D('',#2305,#1800,#1801);
#1533=AXIS2_PLACEMENT_3D('',#2307,#1802,#1803);
#1534=AXIS2_PLACEMENT_3D('',#2309,#1805,#1806);
#1535=AXIS2_PLACEMENT_3D('',#2319,#1811,#1812);
#1536=AXIS2_PLACEMENT_3D('',#2320,#1813,#1814);
#1537=AXIS2_PLACEMENT_3D('',#2322,#1816,#1817);
#1538=AXIS2_PLACEMENT_3D('',#2324,#1818,#1819);
#1539=AXIS2_PLACEMENT_3D('',#2326,#1820,#1821);
#1540=AXIS2_PLACEMENT_3D('',#2327,#1822,#1823);
#1541=AXIS2_PLACEMENT_3D('',#2328,#1824,#1825);
#1542=AXIS2_PLACEMENT_3D('',#2330,#1826,#1827);
#1543=AXIS2_PLACEMENT_3D('',#2331,#1828,#1829);
#1544=AXIS2_PLACEMENT_3D('',#2335,#1831,#1832);
#1545=AXIS2_PLACEMENT_3D('',#2336,#1833,#1834);
#1546=AXIS2_PLACEMENT_3D('',#2337,#1835,#1836);
#1547=AXIS2_PLACEMENT_3D('',#2339,#1837,#1838);
#1548=AXIS2_PLACEMENT_3D('',#2341,#1839,#1840);
#1549=AXIS2_PLACEMENT_3D('',#2342,#1841,#1842);
#1550=AXIS2_PLACEMENT_3D('',#2343,#1843,#1844);
#1551=AXIS2_PLACEMENT_3D('',#2346,#1846,#1847);
#1552=AXIS2_PLACEMENT_3D('',#2347,#1848,#1849);
#1553=AXIS2_PLACEMENT_3D('',#2349,#1850,#1851);
#1554=AXIS2_PLACEMENT_3D('',#2351,#1852,#1853);
#1555=AXIS2_PLACEMENT_3D('',#2352,#1854,#1855);
#1556=AXIS2_PLACEMENT_3D('',#2353,#1856,#1857);
#1557=AXIS2_PLACEMENT_3D('',#2355,#1858,#1859);
#1558=AXIS2_PLACEMENT_3D('',#2356,#1860,#1861);
#1559=AXIS2_PLACEMENT_3D('',#2360,#1863,#1864);
#1560=AXIS2_PLACEMENT_3D('',#2361,#1865,#1866);
#1561=AXIS2_PLACEMENT_3D('',#2362,#1867,#1868);
#1562=AXIS2_PLACEMENT_3D('',#2364,#1869,#1870);
#1563=AXIS2_PLACEMENT_3D('',#2366,#1871,#1872);
#1564=AXIS2_PLACEMENT_3D('',#2367,#1873,#1874);
#1565=AXIS2_PLACEMENT_3D('',#2368,#1875,#1876);
#1566=AXIS2_PLACEMENT_3D('',#2371,#1878,#1879);
#1567=AXIS2_PLACEMENT_3D('',#2372,#1880,#1881);
#1568=AXIS2_PLACEMENT_3D('',#2374,#1882,#1883);
#1569=AXIS2_PLACEMENT_3D('',#2376,#1884,#1885);
#1570=AXIS2_PLACEMENT_3D('',#2377,#1886,#1887);
#1571=AXIS2_PLACEMENT_3D('',#2378,#1888,#1889);
#1572=AXIS2_PLACEMENT_3D('',#2380,#1890,#1891);
#1573=AXIS2_PLACEMENT_3D('',#2381,#1892,#1893);
#1574=AXIS2_PLACEMENT_3D('',#2385,#1895,#1896);
#1575=AXIS2_PLACEMENT_3D('',#2386,#1897,#1898);
#1576=AXIS2_PLACEMENT_3D('',#2387,#1899,#1900);
#1577=AXIS2_PLACEMENT_3D('',#2389,#1901,#1902);
#1578=AXIS2_PLACEMENT_3D('',#2391,#1903,#1904);
#1579=AXIS2_PLACEMENT_3D('',#2392,#1905,#1906);
#1580=AXIS2_PLACEMENT_3D('',#2393,#1907,#1908);
#1581=AXIS2_PLACEMENT_3D('',#2396,#1910,#1911);
#1582=AXIS2_PLACEMENT_3D('',#2397,#1912,#1913);
#1583=AXIS2_PLACEMENT_3D('',#2399,#1914,#1915);
#1584=AXIS2_PLACEMENT_3D('',#2401,#1916,#1917);
#1585=AXIS2_PLACEMENT_3D('',#2402,#1918,#1919);
#1586=AXIS2_PLACEMENT_3D('',#2403,#1920,#1921);
#1587=AXIS2_PLACEMENT_3D('',#2405,#1922,#1923);
#1588=AXIS2_PLACEMENT_3D('',#2406,#1924,#1925);
#1589=AXIS2_PLACEMENT_3D('',#2410,#1927,#1928);
#1590=AXIS2_PLACEMENT_3D('',#2411,#1929,#1930);
#1591=AXIS2_PLACEMENT_3D('',#2412,#1931,#1932);
#1592=AXIS2_PLACEMENT_3D('',#2414,#1933,#1934);
#1593=AXIS2_PLACEMENT_3D('',#2416,#1935,#1936);
#1594=AXIS2_PLACEMENT_3D('',#2417,#1937,#1938);
#1595=AXIS2_PLACEMENT_3D('',#2418,#1939,#1940);
#1596=AXIS2_PLACEMENT_3D('',#2421,#1942,#1943);
#1597=AXIS2_PLACEMENT_3D('',#2422,#1944,#1945);
#1598=AXIS2_PLACEMENT_3D('',#2425,#1946,#1947);
#1599=AXIS2_PLACEMENT_3D('',#2427,#1948,#1949);
#1600=AXIS2_PLACEMENT_3D('',#2429,#1950,#1951);
#1601=AXIS2_PLACEMENT_3D('',#2430,#1952,#1953);
#1602=AXIS2_PLACEMENT_3D('',#2431,#1954,#1955);
#1603=AXIS2_PLACEMENT_3D('',#2434,#1956,#1957);
#1604=AXIS2_PLACEMENT_3D('',#2437,#1960,#1961);
#1605=AXIS2_PLACEMENT_3D('',#2440,#1962,#1963);
#1606=AXIS2_PLACEMENT_3D('',#2442,#1964,#1965);
#1607=AXIS2_PLACEMENT_3D('',#2444,#1966,#1967);
#1608=AXIS2_PLACEMENT_3D('',#2445,#1968,#1969);
#1609=AXIS2_PLACEMENT_3D('',#2446,#1970,#1971);
#1610=AXIS2_PLACEMENT_3D('',#2449,#1972,#1973);
#1611=AXIS2_PLACEMENT_3D('',#2452,#1976,#1977);
#1612=AXIS2_PLACEMENT_3D('',#2457,#1980,#1981);
#1613=AXIS2_PLACEMENT_3D('',#2458,#1982,#1983);
#1614=AXIS2_PLACEMENT_3D('',#2462,#1985,#1986);
#1615=AXIS2_PLACEMENT_3D('',#2464,#1988,#1989);
#1616=AXIS2_PLACEMENT_3D('',#2467,#1990,#1991);
#1617=AXIS2_PLACEMENT_3D('',#2469,#1992,#1993);
#1618=AXIS2_PLACEMENT_3D('',#2471,#1994,#1995);
#1619=AXIS2_PLACEMENT_3D('',#2472,#1996,#1997);
#1620=AXIS2_PLACEMENT_3D('',#2473,#1998,#1999);
#1621=AXIS2_PLACEMENT_3D('',#2476,#2000,#2001);
#1622=AXIS2_PLACEMENT_3D('',#2479,#2004,#2005);
#1623=AXIS2_PLACEMENT_3D('',#2482,#2008,#2009);
#1624=AXIS2_PLACEMENT_3D('',#2485,#2010,#2011);
#1625=AXIS2_PLACEMENT_3D('',#2487,#2012,#2013);
#1626=AXIS2_PLACEMENT_3D('',#2489,#2014,#2015);
#1627=AXIS2_PLACEMENT_3D('',#2490,#2016,#2017);
#1628=AXIS2_PLACEMENT_3D('',#2491,#2018,#2019);
#1629=AXIS2_PLACEMENT_3D('',#2494,#2020,#2021);
#1630=AXIS2_PLACEMENT_3D('',#2497,#2024,#2025);
#1631=AXIS2_PLACEMENT_3D('',#2500,#2028,#2029);
#1632=AXIS2_PLACEMENT_3D('',#2505,#2032,#2033);
#1633=AXIS2_PLACEMENT_3D('',#2506,#2034,#2035);
#1634=AXIS2_PLACEMENT_3D('',#2511,#2038,#2039);
#1635=AXIS2_PLACEMENT_3D('',#2512,#2040,#2041);
#1636=AXIS2_PLACEMENT_3D('',#2515,#2044,#2045);
#1637=AXIS2_PLACEMENT_3D('',#2518,#2048,#2049);
#1638=AXIS2_PLACEMENT_3D('',#2519,#2050,#2051);
#1639=AXIS2_PLACEMENT_3D('',#2523,#2054,#2055);
#1640=AXIS2_PLACEMENT_3D('',#2527,#2058,#2059);
#1641=AXIS2_PLACEMENT_3D('',#2529,#2061,#2062);
#1642=AXIS2_PLACEMENT_3D('',#2531,#2064,#2065);
#1643=AXIS2_PLACEMENT_3D('',#2535,#2067,#2068);
#1644=AXIS2_PLACEMENT_3D('',#2538,#2070,#2071);
#1645=AXIS2_PLACEMENT_3D('',#2546,#2076,#2077);
#1646=AXIS2_PLACEMENT_3D('',#2550,#2079,#2080);
#1647=AXIS2_PLACEMENT_3D('',#2554,#2082,#2083);
#1648=AXIS2_PLACEMENT_3D('',#2557,#2085,#2086);
#1649=AXIS2_PLACEMENT_3D('',#2558,#2087,#2088);
#1650=AXIS2_PLACEMENT_3D('',#2561,#2091,#2092);
#1651=AXIS2_PLACEMENT_3D('',#2563,#2094,#2095);
#1652=AXIS2_PLACEMENT_3D('',#2564,#2096,#2097);
#1653=AXIS2_PLACEMENT_3D('',#2567,#2098,#2099);
#1654=AXIS2_PLACEMENT_3D('',#2569,#2100,#2101);
#1655=AXIS2_PLACEMENT_3D('',#2571,#2102,#2103);
#1656=AXIS2_PLACEMENT_3D('',#2572,#2104,#2105);
#1657=AXIS2_PLACEMENT_3D('',#2573,#2106,#2107);
#1658=AXIS2_PLACEMENT_3D('',#2575,#2108,#2109);
#1659=AXIS2_PLACEMENT_3D('',#2577,#2110,#2111);
#1660=AXIS2_PLACEMENT_3D('',#2579,#2112,#2113);
#1661=AXIS2_PLACEMENT_3D('',#2580,#2114,#2115);
#1662=AXIS2_PLACEMENT_3D('',#2581,#2116,#2117);
#1663=AXIS2_PLACEMENT_3D('',#2584,#2120,#2121);
#1664=AXIS2_PLACEMENT_3D('',#2587,#2122,#2123);
#1665=AXIS2_PLACEMENT_3D('',#2589,#2124,#2125);
#1666=AXIS2_PLACEMENT_3D('',#2591,#2126,#2127);
#1667=AXIS2_PLACEMENT_3D('',#2592,#2128,#2129);
#1668=AXIS2_PLACEMENT_3D('',#2593,#2130,#2131);
#1669=AXIS2_PLACEMENT_3D('',#2596,#2134,#2135);
#1670=AXIS2_PLACEMENT_3D('',#2599,#2138,#2139);
#1671=AXIS2_PLACEMENT_3D('',#2602,#2140,#2141);
#1672=AXIS2_PLACEMENT_3D('',#2604,#2142,#2143);
#1673=AXIS2_PLACEMENT_3D('',#2605,#2144,#2145);
#1674=AXIS2_PLACEMENT_3D('',#2606,#2146,#2147);
#1675=AXIS2_PLACEMENT_3D('',#2607,#2148,#2149);
#1676=AXIS2_PLACEMENT_3D('',#2610,#2152,#2153);
#1677=AXIS2_PLACEMENT_3D('',#2612,#2155,#2156);
#1678=AXIS2_PLACEMENT_3D('',#2614,#2158,#2159);
#1679=AXIS2_PLACEMENT_3D('',#2616,#2161,#2162);
#1680=AXIS2_PLACEMENT_3D('',#2619,#2165,#2166);
#1681=AXIS2_PLACEMENT_3D('',#2620,#2167,#2168);
#1682=AXIS2_PLACEMENT_3D('',#2621,#2169,#2170);
#1683=AXIS2_PLACEMENT_3D('',#2623,#2171,#2172);
#1684=AXIS2_PLACEMENT_3D('',#2625,#2173,#2174);
#1685=AXIS2_PLACEMENT_3D('',#2627,#2175,#2176);
#1686=AXIS2_PLACEMENT_3D('',#2629,#2177,#2178);
#1687=AXIS2_PLACEMENT_3D('',#2630,#2179,#2180);
#1688=AXIS2_PLACEMENT_3D('',#2631,#2181,#2182);
#1689=AXIS2_PLACEMENT_3D('',#2632,#2183,#2184);
#1690=AXIS2_PLACEMENT_3D('',#2633,#2185,#2186);
#1691=AXIS2_PLACEMENT_3D('',#2634,#2187,#2188);
#1692=AXIS2_PLACEMENT_3D('',#2635,#2189,#2190);
#1693=AXIS2_PLACEMENT_3D('',#2636,#2191,#2192);
#1694=AXIS2_PLACEMENT_3D('',#2637,#2193,#2194);
#1695=AXIS2_PLACEMENT_3D('',#2638,#2195,#2196);
#1696=AXIS2_PLACEMENT_3D('',#2639,#2197,#2198);
#1697=AXIS2_PLACEMENT_3D('',#2640,#2199,#2200);
#1698=AXIS2_PLACEMENT_3D('',#2641,#2201,#2202);
#1699=AXIS2_PLACEMENT_3D('',#2642,#2203,#2204);
#1700=AXIS2_PLACEMENT_3D('',#2644,#2206,#2207);
#1701=AXIS2_PLACEMENT_3D('',#2646,#2209,#2210);
#1702=AXIS2_PLACEMENT_3D('',#2647,#2211,#2212);
#1703=AXIS2_PLACEMENT_3D('',#2648,#2213,#2214);
#1704=AXIS2_PLACEMENT_3D('',#2649,#2215,#2216);
#1705=DIRECTION('axis',(0.,0.,1.));
#1706=DIRECTION('refdir',(1.,0.,0.));
#1707=DIRECTION('center_axis',(0.,0.,1.));
#1708=DIRECTION('ref_axis',(-0.707106781186547,-0.707106781186547,0.));
#1709=DIRECTION('',(3.92523114670943E-16,-0.707106781186549,0.707106781186546));
#1710=DIRECTION('center_axis',(0.,0.,-1.));
#1711=DIRECTION('ref_axis',(-0.707106781186548,-0.707106781186548,0.));
#1712=DIRECTION('',(0.707106781186548,0.,-0.707106781186547));
#1713=DIRECTION('center_axis',(0.,0.,1.));
#1714=DIRECTION('ref_axis',(-0.707106781186547,-0.707106781186547,0.));
#1715=DIRECTION('center_axis',(-1.10764900083511E-16,-0.707106781186547,
-0.707106781186548));
#1716=DIRECTION('ref_axis',(-1.,0.,1.56645223933003E-16));
#1717=DIRECTION('',(1.,-1.56645223933003E-16,0.));
#1718=DIRECTION('',(0.,-0.707106781186549,0.707106781186546));
#1719=DIRECTION('',(-1.,1.56645223933003E-16,0.));
#1720=DIRECTION('center_axis',(0.,0.,1.));
#1721=DIRECTION('ref_axis',(0.707106781186546,-0.707106781186549,0.));
#1722=DIRECTION('',(0.707106781186552,0.,0.707106781186542));
#1723=DIRECTION('center_axis',(0.,0.,-1.));
#1724=DIRECTION('ref_axis',(0.707106781186546,-0.707106781186549,0.));
#1725=DIRECTION('center_axis',(0.,0.,1.));
#1726=DIRECTION('ref_axis',(0.707106781186546,-0.707106781186549,0.));
#1727=DIRECTION('center_axis',(0.707106781186543,0.,-0.707106781186553));
#1728=DIRECTION('ref_axis',(-0.707106781186553,0.,-0.707106781186543));
#1729=DIRECTION('',(0.,1.,0.));
#1730=DIRECTION('',(0.707106781186552,0.,0.707106781186542));
#1731=DIRECTION('',(0.,-1.,0.));
#1732=DIRECTION('center_axis',(0.,0.,1.));
#1733=DIRECTION('ref_axis',(0.707106781186546,0.707106781186549,0.));
#1734=DIRECTION('',(0.,0.707106781186552,0.707106781186542));
#1735=DIRECTION('center_axis',(0.,0.,-1.));
#1736=DIRECTION('ref_axis',(0.707106781186546,0.707106781186549,0.));
#1737=DIRECTION('center_axis',(0.,0.,1.));
#1738=DIRECTION('ref_axis',(0.707106781186546,0.707106781186549,0.));
#1739=DIRECTION('center_axis',(0.,0.707106781186543,-0.707106781186553));
#1740=DIRECTION('ref_axis',(-1.,0.,0.));
#1741=DIRECTION('',(-1.,0.,0.));
#1742=DIRECTION('',(0.,0.707106781186552,0.707106781186542));
#1743=DIRECTION('',(1.,0.,0.));
#1744=DIRECTION('center_axis',(0.,0.,1.));
#1745=DIRECTION('ref_axis',(-0.707106781186547,0.707106781186548,0.));
#1746=DIRECTION('',(-0.707106781186546,0.,0.707106781186549));
#1747=DIRECTION('center_axis',(0.,0.,-1.));
#1748=DIRECTION('ref_axis',(-0.707106781186547,0.707106781186548,0.));
#1749=DIRECTION('center_axis',(0.,0.,1.));
#1750=DIRECTION('ref_axis',(-0.707106781186547,0.707106781186548,0.));
#1751=DIRECTION('center_axis',(-0.707106781186547,-8.92097987888508E-18,
-0.707106781186548));
#1752=DIRECTION('ref_axis',(-0.707106781186548,0.,0.707106781186547));
#1753=DIRECTION('',(1.26161707343768E-17,-1.,0.));
#1754=DIRECTION('',(-1.26161707343768E-17,1.,0.));
#1755=DIRECTION('center_axis',(0.,1.,0.));
#1756=DIRECTION('ref_axis',(-1.,0.,0.));
#1757=DIRECTION('',(0.,0.,-1.));
#1758=DIRECTION('',(-1.,0.,0.));
#1759=DIRECTION('',(0.,0.,1.));
#1760=DIRECTION('center_axis',(0.,0.,1.));
#1761=DIRECTION('ref_axis',(-0.707106781186547,0.707106781186548,0.));
#1762=DIRECTION('',(0.,0.,1.));
#1763=DIRECTION('center_axis',(0.,0.,-1.));
#1764=DIRECTION('ref_axis',(-0.707106781186547,0.707106781186548,0.));
#1765=DIRECTION('center_axis',(-1.,-1.26161707343768E-17,0.));
#1766=DIRECTION('ref_axis',(1.26161707343768E-17,-1.,0.));
#1767=DIRECTION('',(0.,0.,-1.));
#1768=DIRECTION('',(1.26161707343768E-17,-1.,0.));
#1769=DIRECTION('center_axis',(-1.,-1.26161707343768E-17,0.));
#1770=DIRECTION('ref_axis',(1.26161707343768E-17,-1.,0.));
#1771=DIRECTION('center_axis',(-1.,-1.26161707343768E-17,0.));
#1772=DIRECTION('ref_axis',(1.26161707343768E-17,-1.,0.));
#1773=DIRECTION('center_axis',(0.,0.,1.));
#1774=DIRECTION('ref_axis',(-0.707106781186548,-0.707106781186548,0.));
#1775=DIRECTION('',(0.,0.,1.));
#1776=DIRECTION('center_axis',(0.,0.,-1.));
#1777=DIRECTION('ref_axis',(-0.707106781186548,-0.707106781186548,0.));
#1778=DIRECTION('center_axis',(0.,0.,1.));
#1779=DIRECTION('ref_axis',(1.,0.,0.));
#1780=DIRECTION('center_axis',(-1.,0.,0.));
#1781=DIRECTION('ref_axis',(6.88154767329642E-18,-1.,0.));
#1782=DIRECTION('',(0.707106781186549,-0.707106781186546,8.65956056235491E-17));
#1783=DIRECTION('center_axis',(1.,1.26161707343768E-17,0.));
#1784=DIRECTION('ref_axis',(0.,-1.,0.));
#1785=DIRECTION('center_axis',(1.,0.,0.));
#1786=DIRECTION('ref_axis',(0.,-1.,0.));
#1787=DIRECTION('',(1.,0.,0.));
#1788=DIRECTION('center_axis',(-1.,0.,0.));
#1789=DIRECTION('ref_axis',(0.,-1.,0.));
#1790=DIRECTION('center_axis',(-1.,0.,0.));
#1791=DIRECTION('ref_axis',(6.88154767329642E-18,-1.,0.));
#1792=DIRECTION('',(0.707106781186547,-0.707106781186547,8.65956056235493E-17));
#1793=DIRECTION('center_axis',(1.,1.26161707343768E-17,0.));
#1794=DIRECTION('ref_axis',(0.,-1.,0.));
#1795=DIRECTION('center_axis',(1.,0.,0.));
#1796=DIRECTION('ref_axis',(0.,-1.,0.));
#1797=DIRECTION('',(1.,0.,0.));
#1798=DIRECTION('center_axis',(-1.,0.,0.));
#1799=DIRECTION('ref_axis',(0.,-1.,0.));
#1800=DIRECTION('center_axis',(1.,0.,0.));
#1801=DIRECTION('ref_axis',(0.,-1.,0.));
#1802=DIRECTION('center_axis',(1.,0.,0.));
#1803=DIRECTION('ref_axis',(0.,-1.,0.));
#1804=DIRECTION('',(-0.707106781186549,-0.707106781186546,-8.65956056235491E-17));
#1805=DIRECTION('center_axis',(1.,0.,0.));
#1806=DIRECTION('ref_axis',(0.,1.,0.));
#1807=DIRECTION('',(0.,0.,-1.));
#1808=DIRECTION('',(0.,-1.,0.));
#1809=DIRECTION('',(0.,0.,1.));
#1810=DIRECTION('',(0.,-1.,0.));
#1811=DIRECTION('center_axis',(1.,0.,0.));
#1812=DIRECTION('ref_axis',(0.,-1.,0.));
#1813=DIRECTION('center_axis',(1.,0.,0.));
#1814=DIRECTION('ref_axis',(0.,-1.,0.));
#1815=DIRECTION('',(-0.707106781186549,-0.707106781186546,-8.65956056235491E-17));
#1816=DIRECTION('center_axis',(0.,0.,1.));
#1817=DIRECTION('ref_axis',(1.,0.,0.));
#1818=DIRECTION('center_axis',(0.,0.,-1.));
#1819=DIRECTION('ref_axis',(1.,0.,0.));
#1820=DIRECTION('center_axis',(0.,-1.,0.));
#1821=DIRECTION('ref_axis',(-1.,0.,0.));
#1822=DIRECTION('center_axis',(0.,0.,1.));
#1823=DIRECTION('ref_axis',(1.,0.,0.));
#1824=DIRECTION('center_axis',(0.,0.,1.));
#1825=DIRECTION('ref_axis',(1.,0.,0.));
#1826=DIRECTION('center_axis',(0.,0.,1.));
#1827=DIRECTION('ref_axis',(1.,0.,0.));
#1828=DIRECTION('center_axis',(0.,0.,1.));
#1829=DIRECTION('ref_axis',(1.,0.,0.));
#1830=DIRECTION('',(0.,0.,-1.));
#1831=DIRECTION('center_axis',(0.,0.,-1.));
#1832=DIRECTION('ref_axis',(1.,0.,0.));
#1833=DIRECTION('center_axis',(0.,0.,-1.));
#1834=DIRECTION('ref_axis',(1.,0.,0.));
#1835=DIRECTION('center_axis',(0.,0.,-1.));
#1836=DIRECTION('ref_axis',(-1.,0.,0.));
#1837=DIRECTION('center_axis',(0.,-1.,0.));
#1838=DIRECTION('ref_axis',(1.,0.,0.));
#1839=DIRECTION('center_axis',(0.,0.,-1.));
#1840=DIRECTION('ref_axis',(1.,0.,0.));
#1841=DIRECTION('center_axis',(0.,0.,-1.));
#1842=DIRECTION('ref_axis',(1.,0.,0.));
#1843=DIRECTION('center_axis',(0.,0.,1.));
#1844=DIRECTION('ref_axis',(1.,0.,0.));
#1845=DIRECTION('',(0.,0.,-1.));
#1846=DIRECTION('center_axis',(0.,0.,1.));
#1847=DIRECTION('ref_axis',(1.,0.,0.));
#1848=DIRECTION('center_axis',(0.,0.,1.));
#1849=DIRECTION('ref_axis',(1.,0.,0.));
#1850=DIRECTION('center_axis',(0.,0.,-1.));
#1851=DIRECTION('ref_axis',(1.,0.,0.));
#1852=DIRECTION('center_axis',(0.,-1.,0.));
#1853=DIRECTION('ref_axis',(-1.,0.,0.));
#1854=DIRECTION('center_axis',(0.,0.,1.));
#1855=DIRECTION('ref_axis',(1.,0.,0.));
#1856=DIRECTION('center_axis',(0.,0.,1.));
#1857=DIRECTION('ref_axis',(1.,0.,0.));
#1858=DIRECTION('center_axis',(0.,0.,1.));
#1859=DIRECTION('ref_axis',(1.,0.,0.));
#1860=DIRECTION('center_axis',(0.,0.,1.));
#1861=DIRECTION('ref_axis',(1.,0.,0.));
#1862=DIRECTION('',(0.,0.,-1.));
#1863=DIRECTION('center_axis',(0.,0.,-1.));
#1864=DIRECTION('ref_axis',(1.,0.,0.));
#1865=DIRECTION('center_axis',(0.,0.,-1.));
#1866=DIRECTION('ref_axis',(1.,0.,0.));
#1867=DIRECTION('center_axis',(0.,0.,-1.));
#1868=DIRECTION('ref_axis',(-1.,0.,0.));
#1869=DIRECTION('center_axis',(0.,-1.,0.));
#1870=DIRECTION('ref_axis',(1.,0.,0.));
#1871=DIRECTION('center_axis',(0.,0.,-1.));
#1872=DIRECTION('ref_axis',(1.,0.,0.));
#1873=DIRECTION('center_axis',(0.,0.,-1.));
#1874=DIRECTION('ref_axis',(1.,0.,0.));
#1875=DIRECTION('center_axis',(0.,0.,1.));
#1876=DIRECTION('ref_axis',(1.,0.,0.));
#1877=DIRECTION('',(0.,0.,-1.));
#1878=DIRECTION('center_axis',(0.,0.,1.));
#1879=DIRECTION('ref_axis',(1.,0.,0.));
#1880=DIRECTION('center_axis',(0.,0.,1.));
#1881=DIRECTION('ref_axis',(1.,0.,0.));
#1882=DIRECTION('center_axis',(0.,0.,-1.));
#1883=DIRECTION('ref_axis',(1.,0.,0.));
#1884=DIRECTION('center_axis',(0.,-1.,0.));
#1885=DIRECTION('ref_axis',(-1.,0.,0.));
#1886=DIRECTION('center_axis',(0.,0.,1.));
#1887=DIRECTION('ref_axis',(1.,0.,0.));
#1888=DIRECTION('center_axis',(0.,0.,1.));
#1889=DIRECTION('ref_axis',(1.,0.,0.));
#1890=DIRECTION('center_axis',(0.,0.,1.));
#1891=DIRECTION('ref_axis',(1.,0.,0.));
#1892=DIRECTION('center_axis',(0.,0.,1.));
#1893=DIRECTION('ref_axis',(1.,0.,0.));
#1894=DIRECTION('',(0.,0.,-1.));
#1895=DIRECTION('center_axis',(0.,0.,-1.));
#1896=DIRECTION('ref_axis',(1.,0.,0.));
#1897=DIRECTION('center_axis',(0.,0.,-1.));
#1898=DIRECTION('ref_axis',(1.,0.,0.));
#1899=DIRECTION('center_axis',(0.,0.,-1.));
#1900=DIRECTION('ref_axis',(-1.,0.,0.));
#1901=DIRECTION('center_axis',(0.,-1.,0.));
#1902=DIRECTION('ref_axis',(1.,0.,0.));
#1903=DIRECTION('center_axis',(0.,0.,-1.));
#1904=DIRECTION('ref_axis',(1.,0.,0.));
#1905=DIRECTION('center_axis',(0.,0.,-1.));
#1906=DIRECTION('ref_axis',(1.,0.,0.));
#1907=DIRECTION('center_axis',(0.,0.,1.));
#1908=DIRECTION('ref_axis',(1.,0.,0.));
#1909=DIRECTION('',(0.,0.,-1.));
#1910=DIRECTION('center_axis',(0.,0.,1.));
#1911=DIRECTION('ref_axis',(1.,0.,0.));
#1912=DIRECTION('center_axis',(0.,0.,1.));
#1913=DIRECTION('ref_axis',(1.,0.,0.));
#1914=DIRECTION('center_axis',(0.,0.,-1.));
#1915=DIRECTION('ref_axis',(1.,0.,0.));
#1916=DIRECTION('center_axis',(0.,-1.,0.));
#1917=DIRECTION('ref_axis',(-1.,0.,0.));
#1918=DIRECTION('center_axis',(0.,0.,1.));
#1919=DIRECTION('ref_axis',(1.,0.,0.));
#1920=DIRECTION('center_axis',(0.,0.,1.));
#1921=DIRECTION('ref_axis',(1.,0.,0.));
#1922=DIRECTION('center_axis',(0.,0.,1.));
#1923=DIRECTION('ref_axis',(1.,0.,0.));
#1924=DIRECTION('center_axis',(0.,0.,1.));
#1925=DIRECTION('ref_axis',(1.,0.,0.));
#1926=DIRECTION('',(0.,0.,-1.));
#1927=DIRECTION('center_axis',(0.,0.,-1.));
#1928=DIRECTION('ref_axis',(1.,0.,0.));
#1929=DIRECTION('center_axis',(0.,0.,-1.));
#1930=DIRECTION('ref_axis',(1.,0.,0.));
#1931=DIRECTION('center_axis',(0.,0.,-1.));
#1932=DIRECTION('ref_axis',(-1.,0.,0.));
#1933=DIRECTION('center_axis',(0.,-1.,0.));
#1934=DIRECTION('ref_axis',(1.,0.,0.));
#1935=DIRECTION('center_axis',(0.,0.,-1.));
#1936=DIRECTION('ref_axis',(1.,0.,0.));
#1937=DIRECTION('center_axis',(0.,0.,-1.));
#1938=DIRECTION('ref_axis',(1.,0.,0.));
#1939=DIRECTION('center_axis',(0.,0.,1.));
#1940=DIRECTION('ref_axis',(1.,0.,0.));
#1941=DIRECTION('',(0.,0.,-1.));
#1942=DIRECTION('center_axis',(0.,0.,1.));
#1943=DIRECTION('ref_axis',(1.,0.,0.));
#1944=DIRECTION('center_axis',(0.,0.,-1.));
#1945=DIRECTION('ref_axis',(-1.,0.,0.));
#1946=DIRECTION('center_axis',(0.,0.,1.));
#1947=DIRECTION('ref_axis',(-0.707106781186548,-0.707106781186547,0.));
#1948=DIRECTION('center_axis',(1.,0.,0.));
#1949=DIRECTION('ref_axis',(0.,1.,0.));
#1950=DIRECTION('center_axis',(0.,0.,-1.));
#1951=DIRECTION('ref_axis',(-1.,0.,0.));
#1952=DIRECTION('center_axis',(0.,1.,0.));
#1953=DIRECTION('ref_axis',(0.,0.,1.));
#1954=DIRECTION('center_axis',(0.,0.,1.));
#1955=DIRECTION('ref_axis',(-0.707106781186548,-0.707106781186547,0.));
#1956=DIRECTION('center_axis',(0.,0.,1.));
#1957=DIRECTION('ref_axis',(-0.707106781186548,-0.707106781186547,0.));
#1958=DIRECTION('',(0.,0.,1.));
#1959=DIRECTION('',(0.,0.,-1.));
#1960=DIRECTION('center_axis',(0.,0.,-1.));
#1961=DIRECTION('ref_axis',(-1.,0.,0.));
#1962=DIRECTION('center_axis',(0.,0.,1.));
#1963=DIRECTION('ref_axis',(-0.707106781186548,0.707106781186547,0.));
#1964=DIRECTION('center_axis',(0.,-1.,0.));
#1965=DIRECTION('ref_axis',(1.,0.,0.));
#1966=DIRECTION('center_axis',(0.,0.,-1.));
#1967=DIRECTION('ref_axis',(0.,1.,0.));
#1968=DIRECTION('center_axis',(1.,0.,0.));
#1969=DIRECTION('ref_axis',(0.,0.,1.));
#1970=DIRECTION('center_axis',(0.,0.,1.));
#1971=DIRECTION('ref_axis',(-0.707106781186547,0.707106781186548,0.));
#1972=DIRECTION('center_axis',(0.,0.,1.));
#1973=DIRECTION('ref_axis',(-0.707106781186547,0.707106781186548,0.));
#1974=DIRECTION('',(0.,0.,1.));
#1975=DIRECTION('',(0.,0.,-1.));
#1976=DIRECTION('center_axis',(-1.,1.58001379216104E-16,0.));
#1977=DIRECTION('ref_axis',(0.,0.70710678118655,0.707106781186545));
#1978=DIRECTION('',(-1.,1.58001379216104E-16,0.));
#1979=DIRECTION('',(1.,-1.58001379216104E-16,0.));
#1980=DIRECTION('center_axis',(-0.707106781186544,0.707106781186551,7.85046229341895E-16));
#1981=DIRECTION('ref_axis',(0.707106781186551,0.707106781186543,7.85046229341886E-16));
#1982=DIRECTION('center_axis',(0.,1.,0.));
#1983=DIRECTION('ref_axis',(0.707106781186554,0.,0.707106781186541));
#1984=DIRECTION('',(0.,-1.,0.));
#1985=DIRECTION('center_axis',(0.707106781186542,0.707106781186553,-3.92523114670948E-15));
#1986=DIRECTION('ref_axis',(0.707106781186553,-0.707106781186542,-3.92523114670954E-15));
#1987=DIRECTION('',(0.,1.,0.));
#1988=DIRECTION('center_axis',(0.,0.,1.));
#1989=DIRECTION('ref_axis',(1.,0.,0.));
#1990=DIRECTION('center_axis',(0.,1.,0.));
#1991=DIRECTION('ref_axis',(-1.,0.,0.));
#1992=DIRECTION('center_axis',(0.,0.,1.));
#1993=DIRECTION('ref_axis',(-1.63268091856641E-16,-1.,0.));
#1994=DIRECTION('center_axis',(1.,0.,0.));
#1995=DIRECTION('ref_axis',(0.,0.,1.));
#1996=DIRECTION('center_axis',(0.,0.,-1.));
#1997=DIRECTION('ref_axis',(-0.707106781186548,-0.707106781186547,0.));
#1998=DIRECTION('center_axis',(0.,0.,1.));
#1999=DIRECTION('ref_axis',(-0.707106781186548,-0.707106781186547,0.));
#2000=DIRECTION('center_axis',(0.,0.,-1.));
#2001=DIRECTION('ref_axis',(-0.707106781186548,-0.707106781186547,0.));
#2002=DIRECTION('',(0.,0.,1.));
#2003=DIRECTION('',(0.,0.,-1.));
#2004=DIRECTION('center_axis',(1.,-1.63268091856641E-16,0.));
#2005=DIRECTION('ref_axis',(0.,-0.707106781186551,0.707106781186544));
#2006=DIRECTION('',(-1.,1.63268091856641E-16,0.));
#2007=DIRECTION('',(1.,-1.63268091856641E-16,0.));
#2008=DIRECTION('center_axis',(0.,0.,1.));
#2009=DIRECTION('ref_axis',(1.,0.,0.));
#2010=DIRECTION('center_axis',(1.,0.,0.));
#2011=DIRECTION('ref_axis',(0.,1.,0.));
#2012=DIRECTION('center_axis',(0.,0.,1.));
#2013=DIRECTION('ref_axis',(-1.,0.,0.));
#2014=DIRECTION('center_axis',(0.,-1.,0.));
#2015=DIRECTION('ref_axis',(0.,0.,1.));
#2016=DIRECTION('center_axis',(0.,0.,-1.));
#2017=DIRECTION('ref_axis',(-0.707106781186546,0.707106781186549,0.));
#2018=DIRECTION('center_axis',(0.,0.,1.));
#2019=DIRECTION('ref_axis',(-0.707106781186547,0.707106781186548,0.));
#2020=DIRECTION('center_axis',(0.,0.,-1.));
#2021=DIRECTION('ref_axis',(-0.707106781186547,0.707106781186548,0.));
#2022=DIRECTION('',(0.,0.,1.));
#2023=DIRECTION('',(0.,0.,-1.));
#2024=DIRECTION('center_axis',(0.,-1.,0.));
#2025=DIRECTION('ref_axis',(-0.707106781186548,0.,0.707106781186547));
#2026=DIRECTION('',(0.,1.,0.));
#2027=DIRECTION('',(0.,-1.,0.));
#2028=DIRECTION('center_axis',(-1.,0.,0.));
#2029=DIRECTION('ref_axis',(0.,0.707106781186541,0.707106781186554));
#2030=DIRECTION('',(-1.,0.,0.));
#2031=DIRECTION('',(1.,0.,0.));
#2032=DIRECTION('center_axis',(-0.707106781186541,0.707106781186554,0.));
#2033=DIRECTION('ref_axis',(0.707106781186554,0.707106781186541,0.));
#2034=DIRECTION('center_axis',(0.,1.,0.));
#2035=DIRECTION('ref_axis',(0.707106781186554,0.,0.707106781186541));
#2036=DIRECTION('',(0.,1.,0.));
#2037=DIRECTION('',(0.,-1.,0.));
#2038=DIRECTION('center_axis',(0.707106781186541,0.707106781186554,0.));
#2039=DIRECTION('ref_axis',(0.707106781186554,-0.707106781186541,0.));
#2040=DIRECTION('center_axis',(1.,0.,0.));
#2041=DIRECTION('ref_axis',(0.,-0.707106781186541,0.707106781186554));
#2042=DIRECTION('',(-1.,0.,0.));
#2043=DIRECTION('',(1.,0.,0.));
#2044=DIRECTION('center_axis',(0.,1.,0.));
#2045=DIRECTION('ref_axis',(0.707106781186549,0.,0.707106781186546));
#2046=DIRECTION('',(0.,-1.,0.));
#2047=DIRECTION('',(0.,1.,0.));
#2048=DIRECTION('center_axis',(0.,0.,1.));
#2049=DIRECTION('ref_axis',(1.,0.,0.));
#2050=DIRECTION('center_axis',(1.58001379216104E-16,1.,0.));
#2051=DIRECTION('ref_axis',(-1.,1.58001379216104E-16,0.));
#2052=DIRECTION('',(0.,0.,1.));
#2053=DIRECTION('',(1.,-1.58001379216104E-16,0.));
#2054=DIRECTION('center_axis',(1.,0.,0.));
#2055=DIRECTION('ref_axis',(0.,1.,0.));
#2056=DIRECTION('',(0.,0.,1.));
#2057=DIRECTION('',(0.,-1.,0.));
#2058=DIRECTION('center_axis',(-1.63268091856641E-16,-1.,0.));
#2059=DIRECTION('ref_axis',(1.,-1.63268091856641E-16,0.));
#2060=DIRECTION('',(-1.,1.63268091856641E-16,0.));
#2061=DIRECTION('center_axis',(-1.,0.,0.));
#2062=DIRECTION('ref_axis',(0.,-1.,0.));
#2063=DIRECTION('',(0.,1.,0.));
#2064=DIRECTION('center_axis',(0.,0.,1.));
#2065=DIRECTION('ref_axis',(1.,0.,0.));
#2066=DIRECTION('',(1.,-1.56645223933003E-16,0.));
#2067=DIRECTION('center_axis',(0.,0.,-1.));
#2068=DIRECTION('ref_axis',(0.707106781186546,-0.707106781186549,0.));
#2069=DIRECTION('',(0.,1.,0.));
#2070=DIRECTION('center_axis',(0.,0.,-1.));
#2071=DIRECTION('ref_axis',(0.707106781186546,0.707106781186549,0.));
#2072=DIRECTION('',(1.,0.,0.));
#2073=DIRECTION('',(0.,-1.,0.));
#2074=DIRECTION('',(-1.,0.,0.));
#2075=DIRECTION('',(0.,-1.,0.));
#2076=DIRECTION('center_axis',(0.,0.,1.));
#2077=DIRECTION('ref_axis',(-0.707106781186547,0.707106781186548,0.));
#2078=DIRECTION('',(-1.,0.,0.));
#2079=DIRECTION('center_axis',(0.,0.,1.));
#2080=DIRECTION('ref_axis',(0.707106781186549,0.707106781186546,0.));
#2081=DIRECTION('',(0.,1.,0.));
#2082=DIRECTION('center_axis',(0.,0.,1.));
#2083=DIRECTION('ref_axis',(0.707106781186549,-0.707106781186546,0.));
#2084=DIRECTION('',(1.,0.,0.));
#2085=DIRECTION('center_axis',(0.,0.,1.));
#2086=DIRECTION('ref_axis',(-0.707106781186547,-0.707106781186548,0.));
#2087=DIRECTION('center_axis',(0.,0.,1.));
#2088=DIRECTION('ref_axis',(0.707106781186546,-0.707106781186549,0.));
#2089=DIRECTION('',(0.,0.,1.));
#2090=DIRECTION('',(0.,0.,-1.));
#2091=DIRECTION('center_axis',(1.,0.,0.));
#2092=DIRECTION('ref_axis',(0.,1.,0.));
#2093=DIRECTION('',(0.,0.,-1.));
#2094=DIRECTION('center_axis',(0.,0.,1.));
#2095=DIRECTION('ref_axis',(0.707106781186546,0.707106781186549,0.));
#2096=DIRECTION('center_axis',(0.,0.,-1.));
#2097=DIRECTION('ref_axis',(-1.,0.,0.));
#2098=DIRECTION('center_axis',(0.,0.,-1.));
#2099=DIRECTION('ref_axis',(0.707106781186553,-0.707106781186542,0.));
#2100=DIRECTION('center_axis',(1.,0.,0.));
#2101=DIRECTION('ref_axis',(0.,-1.,0.));
#2102=DIRECTION('center_axis',(0.,0.,1.));
#2103=DIRECTION('ref_axis',(1.,0.,0.));
#2104=DIRECTION('center_axis',(0.,-1.,0.));
#2105=DIRECTION('ref_axis',(0.,0.,-1.));
#2106=DIRECTION('center_axis',(0.,0.,1.));
#2107=DIRECTION('ref_axis',(1.,0.,0.));
#2108=DIRECTION('center_axis',(0.,0.,1.));
#2109=DIRECTION('ref_axis',(0.,-1.,0.));
#2110=DIRECTION('center_axis',(-1.,0.,0.));
#2111=DIRECTION('ref_axis',(0.,0.,-1.));
#2112=DIRECTION('center_axis',(0.,0.,-1.));
#2113=DIRECTION('ref_axis',(-0.707106781186547,-0.707106781186548,0.));
#2114=DIRECTION('center_axis',(0.,-1.,0.));
#2115=DIRECTION('ref_axis',(-1.,0.,0.));
#2116=DIRECTION('center_axis',(1.,0.,0.));
#2117=DIRECTION('ref_axis',(0.,-0.707106781186547,-0.707106781186548));
#2118=DIRECTION('',(-1.,0.,0.));
#2119=DIRECTION('',(1.,0.,0.));
#2120=DIRECTION('center_axis',(0.,0.,-1.));
#2121=DIRECTION('ref_axis',(-1.,0.,0.));
#2122=DIRECTION('center_axis',(0.,0.,-1.));
#2123=DIRECTION('ref_axis',(0.707106781186547,0.707106781186547,0.));
#2124=DIRECTION('center_axis',(0.,1.,0.));
#2125=DIRECTION('ref_axis',(1.,0.,0.));
#2126=DIRECTION('center_axis',(0.,0.,1.));
#2127=DIRECTION('ref_axis',(0.,1.,0.));
#2128=DIRECTION('center_axis',(1.,0.,0.));
#2129=DIRECTION('ref_axis',(0.,0.,-1.));
#2130=DIRECTION('center_axis',(0.,1.,0.));
#2131=DIRECTION('ref_axis',(0.70710678118654,0.,-0.707106781186555));
#2132=DIRECTION('',(0.,-1.,0.));
#2133=DIRECTION('',(0.,1.,0.));
#2134=DIRECTION('center_axis',(0.,0.,1.));
#2135=DIRECTION('ref_axis',(0.707106781186549,0.707106781186546,0.));
#2136=DIRECTION('',(0.,0.,-1.));
#2137=DIRECTION('',(0.,0.,1.));
#2138=DIRECTION('center_axis',(0.,0.,-1.));
#2139=DIRECTION('ref_axis',(-1.,0.,0.));
#2140=DIRECTION('center_axis',(0.,0.,-1.));
#2141=DIRECTION('ref_axis',(-0.707106781186547,0.707106781186548,0.));
#2142=DIRECTION('center_axis',(-1.,0.,0.));
#2143=DIRECTION('ref_axis',(0.,1.,0.));
#2144=DIRECTION('center_axis',(0.,0.,1.));
#2145=DIRECTION('ref_axis',(-1.,0.,0.));
#2146=DIRECTION('center_axis',(0.,1.,0.));
#2147=DIRECTION('ref_axis',(0.,0.,-1.));
#2148=DIRECTION('center_axis',(-1.,0.,0.));
#2149=DIRECTION('ref_axis',(0.,0.707106781186546,-0.707106781186549));
#2150=DIRECTION('',(1.,0.,0.));
#2151=DIRECTION('',(-1.,0.,0.));
#2152=DIRECTION('center_axis',(0.,0.,1.));
#2153=DIRECTION('ref_axis',(-0.707106781186547,0.707106781186548,0.));
#2154=DIRECTION('',(0.,0.,1.));
#2155=DIRECTION('center_axis',(0.,-1.,0.));
#2156=DIRECTION('ref_axis',(-0.707106781186547,0.,-0.707106781186548));
#2157=DIRECTION('',(0.,1.,0.));
#2158=DIRECTION('center_axis',(0.,0.,1.));
#2159=DIRECTION('ref_axis',(-0.707106781186547,-0.707106781186548,0.));
#2160=DIRECTION('',(0.,0.,-1.));
#2161=DIRECTION('center_axis',(0.,0.,1.));
#2162=DIRECTION('ref_axis',(0.707106781186549,-0.707106781186546,0.));
#2163=DIRECTION('',(0.,0.,-1.));
#2164=DIRECTION('',(0.,0.,1.));
#2165=DIRECTION('center_axis',(0.,-1.,0.));
#2166=DIRECTION('ref_axis',(1.,0.,0.));
#2167=DIRECTION('center_axis',(-1.,0.,0.));
#2168=DIRECTION('ref_axis',(0.,-1.,0.));
#2169=DIRECTION('center_axis',(0.,0.,1.));
#2170=DIRECTION('ref_axis',(1.,0.,0.));
#2171=DIRECTION('center_axis',(0.,0.,1.));
#2172=DIRECTION('ref_axis',(1.,0.,0.));
#2173=DIRECTION('center_axis',(0.,0.,1.));
#2174=DIRECTION('ref_axis',(1.,0.,0.));
#2175=DIRECTION('center_axis',(0.,0.,1.));
#2176=DIRECTION('ref_axis',(1.,0.,0.));
#2177=DIRECTION('center_axis',(0.,0.,1.));
#2178=DIRECTION('ref_axis',(1.,0.,0.));
#2179=DIRECTION('center_axis',(0.,0.,-1.));
#2180=DIRECTION('ref_axis',(-1.,0.,0.));
#2181=DIRECTION('center_axis',(-1.8503717077086E-16,-1.,0.));
#2182=DIRECTION('ref_axis',(1.,-1.8503717077086E-16,0.));
#2183=DIRECTION('center_axis',(0.,0.,-1.));
#2184=DIRECTION('ref_axis',(-1.,0.,0.));
#2185=DIRECTION('center_axis',(0.,-1.,0.));
#2186=DIRECTION('ref_axis',(1.,0.,0.));
#2187=DIRECTION('center_axis',(0.,0.,-1.));
#2188=DIRECTION('ref_axis',(-1.,0.,0.));
#2189=DIRECTION('center_axis',(0.,-1.,0.));
#2190=DIRECTION('ref_axis',(1.,0.,0.));
#2191=DIRECTION('center_axis',(0.,0.,-1.));
#2192=DIRECTION('ref_axis',(-1.,0.,0.));
#2193=DIRECTION('center_axis',(-1.85037170770859E-16,-1.,0.));
#2194=DIRECTION('ref_axis',(1.,-1.85037170770859E-16,0.));
#2195=DIRECTION('center_axis',(0.,0.,1.));
#2196=DIRECTION('ref_axis',(1.,0.,0.));
#2197=DIRECTION('center_axis',(0.,0.,1.));
#2198=DIRECTION('ref_axis',(1.,0.,0.));
#2199=DIRECTION('center_axis',(0.,0.,1.));
#2200=DIRECTION('ref_axis',(1.,0.,0.));
#2201=DIRECTION('center_axis',(1.,0.,0.));
#2202=DIRECTION('ref_axis',(0.,1.,0.));
#2203=DIRECTION('center_axis',(0.,-1.,0.));
#2204=DIRECTION('ref_axis',(1.,0.,0.));
#2205=DIRECTION('',(0.,0.,1.));
#2206=DIRECTION('center_axis',(1.,0.,0.));
#2207=DIRECTION('ref_axis',(0.,1.,0.));
#2208=DIRECTION('',(0.,0.,1.));
#2209=DIRECTION('center_axis',(0.,1.,0.));
#2210=DIRECTION('ref_axis',(-1.,0.,0.));
#2211=DIRECTION('center_axis',(0.,1.,0.));
#2212=DIRECTION('ref_axis',(-1.,0.,0.));
#2213=DIRECTION('center_axis',(-1.56645223933003E-16,-1.,0.));
#2214=DIRECTION('ref_axis',(1.,-1.56645223933003E-16,0.));
#2215=DIRECTION('center_axis',(0.,0.,1.));
#2216=DIRECTION('ref_axis',(1.,0.,0.));
#2217=CARTESIAN_POINT('',(0.,0.,0.));
#2218=CARTESIAN_POINT('Origin',(-0.999999999999999,-0.999999999999999,0.125));
#2219=CARTESIAN_POINT('',(-0.999999999999999,-2.75,0.));
#2220=CARTESIAN_POINT('',(-0.999999999999999,-3.,0.25));
#2221=CARTESIAN_POINT('',(-0.999999999999999,-2.75,0.));
#2222=CARTESIAN_POINT('',(-3.,-0.999999999999999,0.25));
#2223=CARTESIAN_POINT('Origin',(-0.999999999999999,-0.999999999999999,0.25));
#2224=CARTESIAN_POINT('',(-2.75,-0.999999999999999,0.));
#2225=CARTESIAN_POINT('',(-3.,-0.999999999999999,0.25));
#2226=CARTESIAN_POINT('Origin',(-0.999999999999999,-0.999999999999999,0.));
#2227=CARTESIAN_POINT('Origin',(11.175,-2.875,0.125));
#2228=CARTESIAN_POINT('',(51.7,-2.75000000000001,0.));
#2229=CARTESIAN_POINT('',(11.175,-2.75,0.));
#2230=CARTESIAN_POINT('',(51.7,-3.00000000000001,0.25));
#2231=CARTESIAN_POINT('',(51.7,-2.75000000000001,0.));
#2232=CARTESIAN_POINT('',(11.175,-3.,0.25));
#2233=CARTESIAN_POINT('Origin',(51.7,-1.00000000000001,0.125));
#2234=CARTESIAN_POINT('',(53.45,-1.00000000000001,0.));
#2235=CARTESIAN_POINT('',(53.7,-1.00000000000001,0.25));
#2236=CARTESIAN_POINT('',(53.45,-1.00000000000001,0.));
#2237=CARTESIAN_POINT('Origin',(51.7,-1.00000000000001,0.25));
#2238=CARTESIAN_POINT('Origin',(51.7,-1.00000000000001,0.));
#2239=CARTESIAN_POINT('Origin',(53.575,7.99999999999999,0.125));
#2240=CARTESIAN_POINT('',(53.45,39.,0.));
#2241=CARTESIAN_POINT('',(53.45,7.99999999999999,0.));
#2242=CARTESIAN_POINT('',(53.7,39.,0.25));
#2243=CARTESIAN_POINT('',(53.45,39.,0.));
#2244=CARTESIAN_POINT('',(53.7,7.99999999999999,0.25));
#2245=CARTESIAN_POINT('Origin',(51.7,39.,0.125));
#2246=CARTESIAN_POINT('',(51.7,40.75,0.));
#2247=CARTESIAN_POINT('',(51.7,41.,0.25));
#2248=CARTESIAN_POINT('',(51.7,40.75,0.));
#2249=CARTESIAN_POINT('Origin',(51.7,39.,0.25));
#2250=CARTESIAN_POINT('Origin',(51.7,39.,0.));
#2251=CARTESIAN_POINT('Origin',(39.525,40.875,0.125));
#2252=CARTESIAN_POINT('',(-1.,40.75,0.));
#2253=CARTESIAN_POINT('',(39.525,40.75,0.));
#2254=CARTESIAN_POINT('',(-1.,41.,0.25));
#2255=CARTESIAN_POINT('',(-1.,40.75,0.));
#2256=CARTESIAN_POINT('',(39.525,41.,0.25));
#2257=CARTESIAN_POINT('Origin',(-1.,39.,0.125));
#2258=CARTESIAN_POINT('',(-2.75,39.,0.));
#2259=CARTESIAN_POINT('',(-3.,39.,0.25));
#2260=CARTESIAN_POINT('',(-2.75,39.,0.));
#2261=CARTESIAN_POINT('Origin',(-1.,39.,0.25));
#2262=CARTESIAN_POINT('Origin',(-1.,39.,0.));
#2263=CARTESIAN_POINT('Origin',(-2.875,30.,0.125));
#2264=CARTESIAN_POINT('',(-2.75,30.,0.));
#2265=CARTESIAN_POINT('',(-3.,30.,0.25));
#2266=CARTESIAN_POINT('Origin',(53.7,41.,0.));
#2267=CARTESIAN_POINT('',(-1.,41.,13.5));
#2268=CARTESIAN_POINT('',(-1.,41.,0.));
#2269=CARTESIAN_POINT('',(51.7,41.,13.5));
#2270=CARTESIAN_POINT('',(-3.,41.,13.5));
#2271=CARTESIAN_POINT('',(51.7,41.,0.));
#2272=CARTESIAN_POINT('Origin',(-1.,39.,0.));
#2273=CARTESIAN_POINT('',(-3.,39.,13.5));
#2274=CARTESIAN_POINT('',(-3.,39.,0.));
#2275=CARTESIAN_POINT('Origin',(-1.,39.,13.5));
#2276=CARTESIAN_POINT('Origin',(-3.,41.,0.));
#2277=CARTESIAN_POINT('',(-3.,-0.999999999999999,13.5));
#2278=CARTESIAN_POINT('',(-3.,-0.999999999999999,0.));
#2279=CARTESIAN_POINT('',(-3.,-3.,13.5));
#2280=CARTESIAN_POINT('',(-3.,23.,6.75));
#2281=CARTESIAN_POINT('Origin',(-3.,21.5,6.75));
#2282=CARTESIAN_POINT('',(-3.,18.,6.75));
#2283=CARTESIAN_POINT('Origin',(-3.,16.5,6.75));
#2284=CARTESIAN_POINT('Origin',(-0.999999999999999,-0.999999999999999,0.));
#2285=CARTESIAN_POINT('',(-0.999999999999996,-3.,13.5));
#2286=CARTESIAN_POINT('',(-0.999999999999999,-3.,0.));
#2287=CARTESIAN_POINT('Origin',(-0.999999999999999,-0.999999999999999,13.5));
#2288=CARTESIAN_POINT('Origin',(25.35,19.,0.));
#2289=CARTESIAN_POINT('Origin',(-2.875,21.5,6.75));
#2290=CARTESIAN_POINT('',(-2.75,22.75,6.75));
#2291=CARTESIAN_POINT('',(-2.875,22.875,6.75));
#2292=CARTESIAN_POINT('Origin',(-2.75,21.5,6.75));
#2293=CARTESIAN_POINT('Origin',(-3.,21.5,6.75));
#2294=CARTESIAN_POINT('',(-0.5,22.75,6.75));
#2295=CARTESIAN_POINT('',(-3.,22.75,6.75));
#2296=CARTESIAN_POINT('Origin',(-0.5,21.5,6.75));
#2297=CARTESIAN_POINT('Origin',(-2.875,16.5,6.75));
#2298=CARTESIAN_POINT('',(-2.75,17.75,6.75));
#2299=CARTESIAN_POINT('',(-2.875,17.875,6.75));
#2300=CARTESIAN_POINT('Origin',(-2.75,16.5,6.75));
#2301=CARTESIAN_POINT('Origin',(-3.,16.5,6.75));
#2302=CARTESIAN_POINT('',(-0.5,17.75,6.75));
#2303=CARTESIAN_POINT('',(-3.,17.75,6.75));
#2304=CARTESIAN_POINT('Origin',(-0.5,16.5,6.75));
#2305=CARTESIAN_POINT('Origin',(-0.375,16.5,6.75));
#2306=CARTESIAN_POINT('',(-0.25,18.,6.75));
#2307=CARTESIAN_POINT('Origin',(-0.25,16.5,6.75));
#2308=CARTESIAN_POINT('',(-0.375,17.875,6.75));
#2309=CARTESIAN_POINT('Origin',(-0.25,0.,0.));
#2310=CARTESIAN_POINT('',(-0.249999999999999,36.25,13.5));
#2311=CARTESIAN_POINT('',(-0.25,36.25,1.5));
#2312=CARTESIAN_POINT('',(-0.25,36.25,0.));
#2313=CARTESIAN_POINT('',(-0.249999999999999,1.75,13.5));
#2314=CARTESIAN_POINT('',(-0.249999999999999,9.5,13.5));
#2315=CARTESIAN_POINT('',(-0.25,1.75,1.5));
#2316=CARTESIAN_POINT('',(-0.25,1.75,0.));
#2317=CARTESIAN_POINT('',(-0.25,9.5,1.5));
#2318=CARTESIAN_POINT('',(-0.25,23.,6.75));
#2319=CARTESIAN_POINT('Origin',(-0.25,21.5,6.75));
#2320=CARTESIAN_POINT('Origin',(-0.375,21.5,6.75));
#2321=CARTESIAN_POINT('',(-0.375,22.875,6.75));
#2322=CARTESIAN_POINT('Origin',(3.2,34.75,9.35));
#2323=CARTESIAN_POINT('',(1.45,34.75,9.6));
#2324=CARTESIAN_POINT('Origin',(3.2,34.75,9.6));
#2325=CARTESIAN_POINT('',(1.2,34.75,9.35));
#2326=CARTESIAN_POINT('Origin',(1.45,34.75,9.35));
#2327=CARTESIAN_POINT('Origin',(3.2,34.75,9.35));
#2328=CARTESIAN_POINT('Origin',(3.2,34.75,9.6));
#2329=CARTESIAN_POINT('',(4.45,34.75,9.6));
#2330=CARTESIAN_POINT('Origin',(3.2,34.75,9.6));
#2331=CARTESIAN_POINT('Origin',(3.2,34.75,0.));
#2332=CARTESIAN_POINT('',(1.2,34.75,1.5));
#2333=CARTESIAN_POINT('',(1.2,34.75,0.));
#2334=CARTESIAN_POINT('',(5.2,34.75,1.5));
#2335=CARTESIAN_POINT('Origin',(3.2,34.75,1.5));
#2336=CARTESIAN_POINT('Origin',(3.2,34.75,1.5));
#2337=CARTESIAN_POINT('Origin',(3.2,34.75,9.35));
#2338=CARTESIAN_POINT('',(4.2,34.75,9.35));
#2339=CARTESIAN_POINT('Origin',(4.45,34.75,9.35));
#2340=CARTESIAN_POINT('',(2.2,34.75,9.35));
#2341=CARTESIAN_POINT('Origin',(3.2,34.75,9.35));
#2342=CARTESIAN_POINT('Origin',(3.2,34.75,9.35));
#2343=CARTESIAN_POINT('Origin',(3.2,34.75,0.));
#2344=CARTESIAN_POINT('',(2.2,34.75,1.));
#2345=CARTESIAN_POINT('',(2.2,34.75,0.));
#2346=CARTESIAN_POINT('Origin',(3.2,34.75,1.));
#2347=CARTESIAN_POINT('Origin',(47.5,34.75,9.35));
#2348=CARTESIAN_POINT('',(45.75,34.75,9.6));
#2349=CARTESIAN_POINT('Origin',(47.5,34.75,9.6));
#2350=CARTESIAN_POINT('',(45.5,34.75,9.35));
#2351=CARTESIAN_POINT('Origin',(45.75,34.75,9.35));
#2352=CARTESIAN_POINT('Origin',(47.5,34.75,9.35));
#2353=CARTESIAN_POINT('Origin',(47.5,34.75,9.6));
#2354=CARTESIAN_POINT('',(48.75,34.75,9.6));
#2355=CARTESIAN_POINT('Origin',(47.5,34.75,9.6));
#2356=CARTESIAN_POINT('Origin',(47.5,34.75,0.));
#2357=CARTESIAN_POINT('',(45.5,34.75,1.5));
#2358=CARTESIAN_POINT('',(45.5,34.75,0.));
#2359=CARTESIAN_POINT('',(49.5,34.75,1.5));
#2360=CARTESIAN_POINT('Origin',(47.5,34.75,1.5));
#2361=CARTESIAN_POINT('Origin',(47.5,34.75,1.5));
#2362=CARTESIAN_POINT('Origin',(47.5,34.75,9.35));
#2363=CARTESIAN_POINT('',(48.5,34.75,9.35));
#2364=CARTESIAN_POINT('Origin',(48.75,34.75,9.35));
#2365=CARTESIAN_POINT('',(46.5,34.75,9.35));
#2366=CARTESIAN_POINT('Origin',(47.5,34.75,9.35));
#2367=CARTESIAN_POINT('Origin',(47.5,34.75,9.35));
#2368=CARTESIAN_POINT('Origin',(47.5,34.75,0.));
#2369=CARTESIAN_POINT('',(46.5,34.75,1.));
#2370=CARTESIAN_POINT('',(46.5,34.75,0.));
#2371=CARTESIAN_POINT('Origin',(47.5,34.75,1.));
#2372=CARTESIAN_POINT('Origin',(47.5,3.25,9.35));
#2373=CARTESIAN_POINT('',(45.75,3.25,9.6));
#2374=CARTESIAN_POINT('Origin',(47.5,3.25,9.6));
#2375=CARTESIAN_POINT('',(45.5,3.25,9.35));
#2376=CARTESIAN_POINT('Origin',(45.75,3.25,9.35));
#2377=CARTESIAN_POINT('Origin',(47.5,3.25,9.35));
#2378=CARTESIAN_POINT('Origin',(47.5,3.25,9.6));
#2379=CARTESIAN_POINT('',(48.75,3.25,9.6));
#2380=CARTESIAN_POINT('Origin',(47.5,3.25,9.6));
#2381=CARTESIAN_POINT('Origin',(47.5,3.25,0.));
#2382=CARTESIAN_POINT('',(45.5,3.25,1.5));
#2383=CARTESIAN_POINT('',(45.5,3.25,0.));
#2384=CARTESIAN_POINT('',(49.5,3.25,1.5));
#2385=CARTESIAN_POINT('Origin',(47.5,3.25,1.5));
#2386=CARTESIAN_POINT('Origin',(47.5,3.25,1.5));
#2387=CARTESIAN_POINT('Origin',(47.5,3.25,9.35));
#2388=CARTESIAN_POINT('',(48.5,3.25,9.35));
#2389=CARTESIAN_POINT('Origin',(48.75,3.25,9.35));
#2390=CARTESIAN_POINT('',(46.5,3.25,9.35));
#2391=CARTESIAN_POINT('Origin',(47.5,3.25,9.35));
#2392=CARTESIAN_POINT('Origin',(47.5,3.25,9.35));
#2393=CARTESIAN_POINT('Origin',(47.5,3.25,0.));
#2394=CARTESIAN_POINT('',(46.5,3.25,1.));
#2395=CARTESIAN_POINT('',(46.5,3.25,0.));
#2396=CARTESIAN_POINT('Origin',(47.5,3.25,1.));
#2397=CARTESIAN_POINT('Origin',(3.2,3.25,9.35));
#2398=CARTESIAN_POINT('',(1.45,3.25,9.6));
#2399=CARTESIAN_POINT('Origin',(3.2,3.25,9.6));
#2400=CARTESIAN_POINT('',(1.2,3.25,9.35));
#2401=CARTESIAN_POINT('Origin',(1.45,3.25,9.35));
#2402=CARTESIAN_POINT('Origin',(3.2,3.25,9.35));
#2403=CARTESIAN_POINT('Origin',(3.2,3.25,9.6));
#2404=CARTESIAN_POINT('',(4.45,3.25,9.6));
#2405=CARTESIAN_POINT('Origin',(3.2,3.25,9.6));
#2406=CARTESIAN_POINT('Origin',(3.2,3.25,0.));
#2407=CARTESIAN_POINT('',(1.2,3.25,1.5));
#2408=CARTESIAN_POINT('',(1.2,3.25,0.));
#2409=CARTESIAN_POINT('',(5.2,3.25,1.5));
#2410=CARTESIAN_POINT('Origin',(3.2,3.25,1.5));
#2411=CARTESIAN_POINT('Origin',(3.2,3.25,1.5));
#2412=CARTESIAN_POINT('Origin',(3.2,3.25,9.35));
#2413=CARTESIAN_POINT('',(4.2,3.25,9.35));
#2414=CARTESIAN_POINT('Origin',(4.45,3.25,9.35));
#2415=CARTESIAN_POINT('',(2.2,3.25,9.35));
#2416=CARTESIAN_POINT('Origin',(3.2,3.25,9.35));
#2417=CARTESIAN_POINT('Origin',(3.2,3.25,9.35));
#2418=CARTESIAN_POINT('Origin',(3.2,3.25,0.));
#2419=CARTESIAN_POINT('',(2.2,3.25,1.));
#2420=CARTESIAN_POINT('',(2.2,3.25,0.));
#2421=CARTESIAN_POINT('Origin',(3.2,3.25,1.));
#2422=CARTESIAN_POINT('Origin',(1.,1.,14.75));
#2423=CARTESIAN_POINT('',(-1.25,1.,15.));
#2424=CARTESIAN_POINT('',(1.,-1.25,15.));
#2425=CARTESIAN_POINT('Origin',(1.,1.,15.));
#2426=CARTESIAN_POINT('',(1.,-1.,14.75));
#2427=CARTESIAN_POINT('Origin',(1.,-1.25,14.75));
#2428=CARTESIAN_POINT('',(-1.,1.,14.75));
#2429=CARTESIAN_POINT('Origin',(1.,1.,14.75));
#2430=CARTESIAN_POINT('Origin',(-1.25,1.,14.75));
#2431=CARTESIAN_POINT('Origin',(1.,1.,0.));
#2432=CARTESIAN_POINT('',(-1.,1.,13.5));
#2433=CARTESIAN_POINT('',(1.,-1.,13.5));
#2434=CARTESIAN_POINT('Origin',(1.,1.,13.5));
#2435=CARTESIAN_POINT('',(-1.,1.,0.));
#2436=CARTESIAN_POINT('',(1.,-1.,0.));
#2437=CARTESIAN_POINT('Origin',(1.,37.,14.75));
#2438=CARTESIAN_POINT('',(1.,39.25,15.));
#2439=CARTESIAN_POINT('',(-1.25,37.,15.));
#2440=CARTESIAN_POINT('Origin',(1.,37.,15.));
#2441=CARTESIAN_POINT('',(-1.,37.,14.75));
#2442=CARTESIAN_POINT('Origin',(-1.25,37.,14.75));
#2443=CARTESIAN_POINT('',(1.,39.,14.75));
#2444=CARTESIAN_POINT('Origin',(1.,37.,14.75));
#2445=CARTESIAN_POINT('Origin',(1.,39.25,14.75));
#2446=CARTESIAN_POINT('Origin',(1.,37.,0.));
#2447=CARTESIAN_POINT('',(1.,39.,13.5));
#2448=CARTESIAN_POINT('',(-1.,37.,13.5));
#2449=CARTESIAN_POINT('Origin',(1.,37.,13.5));
#2450=CARTESIAN_POINT('',(1.,39.,0.));
#2451=CARTESIAN_POINT('',(-1.,37.,0.));
#2452=CARTESIAN_POINT('Origin',(37.525,-1.25000000000001,14.75));
#2453=CARTESIAN_POINT('',(50.7,-1.00000000000001,14.75));
#2454=CARTESIAN_POINT('',(37.525,-1.00000000000001,14.75));
#2455=CARTESIAN_POINT('',(50.45,-1.25000000000001,15.));
#2456=CARTESIAN_POINT('',(37.525,-1.25000000000001,15.));
#2457=CARTESIAN_POINT('Origin',(50.45,-1.25000000000001,14.75));
#2458=CARTESIAN_POINT('Origin',(50.45,8.49999999999999,14.75));
#2459=CARTESIAN_POINT('',(50.45,-1.75000000000001,15.));
#2460=CARTESIAN_POINT('',(50.45,8.49999999999999,15.));
#2461=CARTESIAN_POINT('',(50.7,-2.00000000000001,14.75));
#2462=CARTESIAN_POINT('Origin',(50.45,-1.75000000000001,14.75));
#2463=CARTESIAN_POINT('',(50.7,8.49999999999999,14.75));
#2464=CARTESIAN_POINT('Origin',(0.,0.,14.75));
#2465=CARTESIAN_POINT('',(-2.,0.,14.75));
#2466=CARTESIAN_POINT('',(-1.75,0.,15.));
#2467=CARTESIAN_POINT('Origin',(-1.75,0.,14.75));
#2468=CARTESIAN_POINT('',(0.,-2.,14.75));
#2469=CARTESIAN_POINT('Origin',(0.,0.,14.75));
#2470=CARTESIAN_POINT('',(0.,-1.75,15.));
#2471=CARTESIAN_POINT('Origin',(0.,-1.75,14.75));
#2472=CARTESIAN_POINT('Origin',(2.77555756156289E-16,0.,15.));
#2473=CARTESIAN_POINT('Origin',(0.,0.,0.));
#2474=CARTESIAN_POINT('',(-2.,0.,13.5));
#2475=CARTESIAN_POINT('',(0.,-2.,13.5));
#2476=CARTESIAN_POINT('Origin',(0.,0.,13.5));
#2477=CARTESIAN_POINT('',(-3.26536183713281E-16,-2.,0.));
#2478=CARTESIAN_POINT('',(-2.,0.,0.));
#2479=CARTESIAN_POINT('Origin',(11.175,-1.75,14.75));
#2480=CARTESIAN_POINT('',(11.175,-1.75,15.));
#2481=CARTESIAN_POINT('',(11.175,-2.,14.75));
#2482=CARTESIAN_POINT('Origin',(0.,38.,14.75));
#2483=CARTESIAN_POINT('',(0.,40.,14.75));
#2484=CARTESIAN_POINT('',(0.,39.75,15.));
#2485=CARTESIAN_POINT('Origin',(0.,39.75,14.75));
#2486=CARTESIAN_POINT('',(-2.,38.,14.75));
#2487=CARTESIAN_POINT('Origin',(0.,38.,14.75));
#2488=CARTESIAN_POINT('',(-1.75,38.,15.));
#2489=CARTESIAN_POINT('Origin',(-1.75,38.,14.75));
#2490=CARTESIAN_POINT('Origin',(0.,38.,15.));
#2491=CARTESIAN_POINT('Origin',(0.,38.,0.));
#2492=CARTESIAN_POINT('',(0.,40.,13.5));
#2493=CARTESIAN_POINT('',(-2.,38.,13.5));
#2494=CARTESIAN_POINT('Origin',(0.,38.,13.5));
#2495=CARTESIAN_POINT('',(-2.,38.,0.));
#2496=CARTESIAN_POINT('',(0.,40.,0.));
#2497=CARTESIAN_POINT('Origin',(-1.75,29.5,14.75));
#2498=CARTESIAN_POINT('',(-1.75,29.5,15.));
#2499=CARTESIAN_POINT('',(-2.,29.5,14.75));
#2500=CARTESIAN_POINT('Origin',(37.525,39.75,14.75));
#2501=CARTESIAN_POINT('',(50.7,40.,14.75));
#2502=CARTESIAN_POINT('',(37.525,40.,14.75));
#2503=CARTESIAN_POINT('',(50.45,39.75,15.));
#2504=CARTESIAN_POINT('',(37.525,39.75,15.));
#2505=CARTESIAN_POINT('Origin',(50.45,39.75,14.75));
#2506=CARTESIAN_POINT('Origin',(50.45,29.,14.75));
#2507=CARTESIAN_POINT('',(50.7,39.,14.75));
#2508=CARTESIAN_POINT('',(50.7,29.,14.75));
#2509=CARTESIAN_POINT('',(50.45,39.25,15.));
#2510=CARTESIAN_POINT('',(50.45,29.,15.));
#2511=CARTESIAN_POINT('Origin',(50.45,39.25,14.75));
#2512=CARTESIAN_POINT('Origin',(11.675,39.25,14.75));
#2513=CARTESIAN_POINT('',(11.675,39.25,15.));
#2514=CARTESIAN_POINT('',(11.675,39.,14.75));
#2515=CARTESIAN_POINT('Origin',(-1.25,9.,14.75));
#2516=CARTESIAN_POINT('',(-1.25,9.,15.));
#2517=CARTESIAN_POINT('',(-1.,9.,14.75));
#2518=CARTESIAN_POINT('Origin',(24.35,19.,15.));
#2519=CARTESIAN_POINT('Origin',(50.7,-1.00000000000001,0.));
#2520=CARTESIAN_POINT('',(50.7,-1.00000000000001,13.5));
#2521=CARTESIAN_POINT('',(50.7,-1.00000000000001,0.));
#2522=CARTESIAN_POINT('',(38.025,-1.00000000000001,13.5));
#2523=CARTESIAN_POINT('Origin',(50.7,-2.00000000000001,0.));
#2524=CARTESIAN_POINT('',(50.7,-2.00000000000001,13.5));
#2525=CARTESIAN_POINT('',(50.7,-2.00000000000001,0.));
#2526=CARTESIAN_POINT('',(50.7,8.49999999999999,13.5));
#2527=CARTESIAN_POINT('Origin',(-2.,-2.,0.));
#2528=CARTESIAN_POINT('',(11.675,-2.,13.5));
#2529=CARTESIAN_POINT('Origin',(-2.,40.,0.));
#2530=CARTESIAN_POINT('',(-2.,29.5,13.5));
#2531=CARTESIAN_POINT('Origin',(25.35,19.,13.5));
#2532=CARTESIAN_POINT('',(51.7,-3.00000000000001,13.5));
#2533=CARTESIAN_POINT('',(53.7,-3.00000000000001,13.5));
#2534=CARTESIAN_POINT('',(53.7,-1.00000000000001,13.5));
#2535=CARTESIAN_POINT('Origin',(51.7,-1.00000000000001,13.5));
#2536=CARTESIAN_POINT('',(53.7,39.,13.5));
#2537=CARTESIAN_POINT('',(53.7,41.,13.5));
#2538=CARTESIAN_POINT('Origin',(51.7,39.,13.5));
#2539=CARTESIAN_POINT('',(50.7,40.,13.5));
#2540=CARTESIAN_POINT('',(38.025,40.,13.5));
#2541=CARTESIAN_POINT('',(50.7,39.,13.5));
#2542=CARTESIAN_POINT('',(50.7,29.,13.5));
#2543=CARTESIAN_POINT('',(12.175,39.,13.5));
#2544=CARTESIAN_POINT('',(-1.,9.,13.5));
#2545=CARTESIAN_POINT('',(1.75,38.25,13.5));
#2546=CARTESIAN_POINT('Origin',(1.75,36.25,13.5));
#2547=CARTESIAN_POINT('',(48.95,38.25,13.5));
#2548=CARTESIAN_POINT('',(12.675,38.25,13.5));
#2549=CARTESIAN_POINT('',(50.95,36.25,13.5));
#2550=CARTESIAN_POINT('Origin',(48.95,36.25,13.5));
#2551=CARTESIAN_POINT('',(50.95,1.75,13.5));
#2552=CARTESIAN_POINT('',(50.95,28.5,13.5));
#2553=CARTESIAN_POINT('',(48.95,-0.249999999999999,13.5));
#2554=CARTESIAN_POINT('Origin',(48.95,1.75,13.5));
#2555=CARTESIAN_POINT('',(1.75,-0.249999999999999,13.5));
#2556=CARTESIAN_POINT('',(38.025,-0.249999999999999,13.5));
#2557=CARTESIAN_POINT('Origin',(1.75,1.75,13.5));
#2558=CARTESIAN_POINT('Origin',(51.7,-1.00000000000001,0.));
#2559=CARTESIAN_POINT('',(53.7,-1.00000000000001,0.));
#2560=CARTESIAN_POINT('',(51.7,-3.00000000000001,0.));
#2561=CARTESIAN_POINT('Origin',(53.7,-3.00000000000001,0.));
#2562=CARTESIAN_POINT('',(53.7,39.,0.));
#2563=CARTESIAN_POINT('Origin',(51.7,39.,0.));
#2564=CARTESIAN_POINT('Origin',(48.95,1.75,1.5));
#2565=CARTESIAN_POINT('',(50.45,1.75,1.));
#2566=CARTESIAN_POINT('',(48.95,0.25,1.));
#2567=CARTESIAN_POINT('Origin',(48.95,1.75,1.));
#2568=CARTESIAN_POINT('',(48.95,-0.25,1.5));
#2569=CARTESIAN_POINT('Origin',(48.95,0.25,1.5));
#2570=CARTESIAN_POINT('',(50.95,1.75,1.5));
#2571=CARTESIAN_POINT('Origin',(48.95,1.75,1.5));
#2572=CARTESIAN_POINT('Origin',(50.45,1.75,1.5));
#2573=CARTESIAN_POINT('Origin',(1.75,1.75,1.5));
#2574=CARTESIAN_POINT('',(1.75,-0.25,1.5));
#2575=CARTESIAN_POINT('Origin',(1.75,1.75,1.5));
#2576=CARTESIAN_POINT('',(1.75,0.25,1.));
#2577=CARTESIAN_POINT('Origin',(1.75,0.25,1.5));
#2578=CARTESIAN_POINT('',(0.249999999999999,1.75,1.));
#2579=CARTESIAN_POINT('Origin',(1.75,1.75,1.));
#2580=CARTESIAN_POINT('Origin',(0.249999999999999,1.75,1.5));
#2581=CARTESIAN_POINT('Origin',(38.025,0.25,1.5));
#2582=CARTESIAN_POINT('',(38.025,0.25,1.));
#2583=CARTESIAN_POINT('',(38.025,-0.25,1.5));
#2584=CARTESIAN_POINT('Origin',(48.95,36.25,1.5));
#2585=CARTESIAN_POINT('',(48.95,37.75,1.));
#2586=CARTESIAN_POINT('',(50.45,36.25,1.));
#2587=CARTESIAN_POINT('Origin',(48.95,36.25,1.));
#2588=CARTESIAN_POINT('',(50.95,36.25,1.5));
#2589=CARTESIAN_POINT('Origin',(50.45,36.25,1.5));
#2590=CARTESIAN_POINT('',(48.95,38.25,1.5));
#2591=CARTESIAN_POINT('Origin',(48.95,36.25,1.5));
#2592=CARTESIAN_POINT('Origin',(48.95,37.75,1.5));
#2593=CARTESIAN_POINT('Origin',(50.45,28.5,1.5));
#2594=CARTESIAN_POINT('',(50.45,28.5,1.));
#2595=CARTESIAN_POINT('',(50.95,28.5,1.5));
#2596=CARTESIAN_POINT('Origin',(48.95,36.25,0.));
#2597=CARTESIAN_POINT('',(48.95,38.25,0.));
#2598=CARTESIAN_POINT('',(50.95,36.25,0.));
#2599=CARTESIAN_POINT('Origin',(1.75,36.25,1.5));
#2600=CARTESIAN_POINT('',(0.249999999999999,36.25,1.));
#2601=CARTESIAN_POINT('',(1.75,37.75,1.));
#2602=CARTESIAN_POINT('Origin',(1.75,36.25,1.));
#2603=CARTESIAN_POINT('',(1.75,38.25,1.5));
#2604=CARTESIAN_POINT('Origin',(1.75,37.75,1.5));
#2605=CARTESIAN_POINT('Origin',(1.75,36.25,1.5));
#2606=CARTESIAN_POINT('Origin',(0.249999999999999,36.25,1.5));
#2607=CARTESIAN_POINT('Origin',(12.675,37.75,1.5));
#2608=CARTESIAN_POINT('',(12.675,37.75,1.));
#2609=CARTESIAN_POINT('',(12.675,38.25,1.5));
#2610=CARTESIAN_POINT('Origin',(1.75,36.25,0.));
#2611=CARTESIAN_POINT('',(1.75,38.25,0.));
#2612=CARTESIAN_POINT('Origin',(0.249999999999999,9.5,1.5));
#2613=CARTESIAN_POINT('',(0.249999999999999,9.5,1.));
#2614=CARTESIAN_POINT('Origin',(1.75,1.75,0.));
#2615=CARTESIAN_POINT('',(1.75,-0.25,0.));
#2616=CARTESIAN_POINT('Origin',(48.95,1.75,0.));
#2617=CARTESIAN_POINT('',(50.95,1.75,0.));
#2618=CARTESIAN_POINT('',(48.95,-0.25,0.));
#2619=CARTESIAN_POINT('Origin',(0.,38.25,0.));
#2620=CARTESIAN_POINT('Origin',(50.95,38.,0.));
#2621=CARTESIAN_POINT('Origin',(25.35,19.,1.));
#2622=CARTESIAN_POINT('',(50.,3.25,1.));
#2623=CARTESIAN_POINT('Origin',(47.5,3.25,1.));
#2624=CARTESIAN_POINT('',(5.7,34.75,1.));
#2625=CARTESIAN_POINT('Origin',(3.2,34.75,1.));
#2626=CARTESIAN_POINT('',(5.7,3.25,1.));
#2627=CARTESIAN_POINT('Origin',(3.2,3.25,1.));
#2628=CARTESIAN_POINT('',(50.,34.75,1.));
#2629=CARTESIAN_POINT('Origin',(47.5,34.75,1.));
#2630=CARTESIAN_POINT('Origin',(47.5,3.25,1.5));
#2631=CARTESIAN_POINT('Origin',(50.,3.25,1.5));
#2632=CARTESIAN_POINT('Origin',(47.5,34.75,1.5));
#2633=CARTESIAN_POINT('Origin',(50.,34.75,1.5));
#2634=CARTESIAN_POINT('Origin',(3.2,34.75,1.5));
#2635=CARTESIAN_POINT('Origin',(5.7,34.75,1.5));
#2636=CARTESIAN_POINT('Origin',(3.2,3.25,1.5));
#2637=CARTESIAN_POINT('Origin',(5.7,3.25,1.5));
#2638=CARTESIAN_POINT('Origin',(25.35,19.,1.));
#2639=CARTESIAN_POINT('Origin',(25.35,19.,1.));
#2640=CARTESIAN_POINT('Origin',(25.35,19.,1.));
#2641=CARTESIAN_POINT('Origin',(-1.,-1.,0.));
#2642=CARTESIAN_POINT('Origin',(-0.999999999999996,39.,0.));
#2643=CARTESIAN_POINT('',(50.7,39.,0.));
#2644=CARTESIAN_POINT('Origin',(50.7,39.,0.));
#2645=CARTESIAN_POINT('',(50.7,40.,0.));
#2646=CARTESIAN_POINT('Origin',(50.7,40.,0.));
#2647=CARTESIAN_POINT('Origin',(50.7,-0.25,0.));
#2648=CARTESIAN_POINT('Origin',(-3.,-3.,0.));
#2649=CARTESIAN_POINT('Origin',(25.35,19.,1.));
#2650=UNCERTAINTY_MEASURE_WITH_UNIT(LENGTH_MEASURE(0.01),#2654,
'DISTANCE_ACCURACY_VALUE',
'Maximum model space distance between geometric entities at asserted c
onnectivities');
#2651=UNCERTAINTY_MEASURE_WITH_UNIT(LENGTH_MEASURE(0.01),#2654,
'DISTANCE_ACCURACY_VALUE',
'Maximum model space distance between geometric entities at asserted c
onnectivities');
#2652=(
GEOMETRIC_REPRESENTATION_CONTEXT(3)
GLOBAL_UNCERTAINTY_ASSIGNED_CONTEXT((#2650))
GLOBAL_UNIT_ASSIGNED_CONTEXT((#2654,#2656,#2657))
REPRESENTATION_CONTEXT('','3D')
);
#2653=(
GEOMETRIC_REPRESENTATION_CONTEXT(3)
GLOBAL_UNCERTAINTY_ASSIGNED_CONTEXT((#2651))
GLOBAL_UNIT_ASSIGNED_CONTEXT((#2654,#2656,#2657))
REPRESENTATION_CONTEXT('','3D')
);
#2654=(
LENGTH_UNIT()
NAMED_UNIT(*)
SI_UNIT(.MILLI.,.METRE.)
);
#2655=(
LENGTH_UNIT()
NAMED_UNIT(*)
SI_UNIT($,.METRE.)
);
#2656=(
NAMED_UNIT(*)
PLANE_ANGLE_UNIT()
SI_UNIT($,.RADIAN.)
);
#2657=(
NAMED_UNIT(*)
SI_UNIT($,.STERADIAN.)
SOLID_ANGLE_UNIT()
);
#2658=SHAPE_DEFINITION_REPRESENTATION(#2659,#2660);
#2659=PRODUCT_DEFINITION_SHAPE('',$,#2662);
#2660=SHAPE_REPRESENTATION('',(#1498),#2652);
#2661=PRODUCT_DEFINITION_CONTEXT('part definition',#2666,'design');
#2662=PRODUCT_DEFINITION('XIAO ESP32 A-01 Case',
'XIAO ESP32 A-01 Case v10',#2663,#2661);
#2663=PRODUCT_DEFINITION_FORMATION('',$,#2668);
#2664=PRODUCT_RELATED_PRODUCT_CATEGORY('XIAO ESP32 A-01 Case v10',
'XIAO ESP32 A-01 Case v10',(#2668));
#2665=APPLICATION_PROTOCOL_DEFINITION('international standard',
'automotive_design',2009,#2666);
#2666=APPLICATION_CONTEXT(
'Core Data for Automotive Mechanical Design Process');
#2667=PRODUCT_CONTEXT('part definition',#2666,'mechanical');
#2668=PRODUCT('XIAO ESP32 A-01 Case','XIAO ESP32 A-01 Case v10',$,(#2667));
#2669=PRESENTATION_STYLE_ASSIGNMENT((#2670));
#2670=SURFACE_STYLE_USAGE(.BOTH.,#2671);
#2671=SURFACE_SIDE_STYLE('',(#2672));
#2672=SURFACE_STYLE_FILL_AREA(#2673);
#2673=FILL_AREA_STYLE('Plastic - Glossy (Grey)',(#2674));
#2674=FILL_AREA_STYLE_COLOUR('Plastic - Glossy (Grey)',#2675);
#2675=COLOUR_RGB('Plastic - Glossy (Grey)',0.701960784313725,0.701960784313725,
0.701960784313725);
ENDSEC;
END-ISO-10303-21;
